observation_id,journey_distance_km,traffic_index,time_of_day_hours,weather_score,road_slope_pct,road_type,previous_journey_time_min,traffic_proxy,distance_proxy,average_speed_kmh,driver_experience_years,passenger_rating,random_noise_feature,eta_minutes
1,0.912453494888808,32.692134110371974,23.806305821231817,0.41570255284638713,-1.6435809306929743,express,7.579102507293662,36.35013702766607,1.1849790473704642,42.07114155597953,8.221764178879713,4.089854034112957,0.48541241875264324,19.055873259416572
2,3.7093930096172563,31.025860150390855,4.172940961571795,0.24127706970371504,6.806119793752148,local,23.639124624732503,24.570914535407397,4.325192363351749,41.12284763708398,2.054173094795073,4.406974887660774,0.1473823771780872,45.22944685427301
3,2.456201123713667,28.9669185678135,22.448368687923065,0.43021934398661515,-2.200215989500279,arterial,22.799997223236716,25.555933887484333,1.9613182697672669,46.30433817135822,8.774971213204287,5.0,-0.05962907594450082,32.62048374163011
4,2.2125670558789965,44.43812351579279,9.637702891279122,0.25625810730121495,-1.9914455678068128,local,33.476701781506996,36.23103484381629,2.4727794239980283,35.90619614816356,14.183494714389813,4.202131563552275,-1.8518550486073069,31.460689508208308
5,4.013242779281222,36.169021569298145,11.231831193055068,0.30198495609588133,3.3575594590731095,arterial,31.978816031073762,28.056394766772375,3.824364325760918,48.682406000874415,7.822053647750693,4.41068957521048,-0.3750101390841253,42.474097031298186
6,3.0918414666778546,17.692686753481517,12.686445208559494,0.37048007714954817,0.2744492649898014,express,17.318943893307768,16.66398274838546,2.269616124587415,49.5808688766203,14.497539963089709,3.643191826122509,-0.22590103098916242,25.358366564583008
7,3.150868217103037,63.808994873303405,6.368797186405916,0.17330840881316995,2.7234384466391557,local,32.857805712411455,48.74794786911341,3.842260594368099,32.72343841549477,13.632699964221853,5.0,-0.5482402015131969,45.86440243299094
8,2.9005933458925806,42.77850204708339,23.127778622659033,0.4653552553814999,3.507684777480794,local,23.802725495007884,34.714788184916856,3.179484247842435,37.01773324556761,11.988374166737666,3.8791606448014577,-1.9187384268936865,40.283474503561585
9,4.010951266274763,26.36708758015035,21.875692925634947,0.12572964419247765,8.22338408781442,local,22.510559346082868,16.080167946386638,3.2622161944379515,44.30618777440045,9.316830113435474,4.320857082831025,0.5847365333247866,39.70934004151874
10,1.9503800429355231,30.35484216215535,23.349722405072704,0.13674813473660932,3.5180360494824328,local,31.132655230836576,29.92515193877978,2.6382170604324346,39.37232681116921,13.269829083704556,4.308106104203909,0.8657624815880115,18.372584291111124
11,4.901653721293351,38.401337044874616,23.92606973302855,0.4669996451807609,-0.1648700645546053,arterial,36.08268978819304,34.31580333001734,3.7463526291055897,44.52471587699602,8.54726498662017,4.23840224490681,-0.7946445606944802,43.307162590801354
12,1.6085809257759496,44.9467771671577,16.07520228434333,0.47414615271574057,4.367707853651473,express,25.36340022035774,35.18609517038957,1.4245754228902487,37.35628818060543,3.504419047185242,4.004558844943461,-0.18597160813029445,34.221943921223954
13,1.4562208604909785,41.21604333418631,10.840451899337872,0.5633076548532749,-0.9111397002873929,arterial,22.97227994415633,35.29318805341513,0.9672197067969883,43.107258737061805,13.915102385293618,4.3085968102529755,-0.4969115415060088,33.3128673074857
14,2.9871065314575636,13.629695787573969,20.417613635911316,0.595303803002208,5.196044335316143,local,23.15955335679411,10.040164629003433,3.2894454695278,51.870666527572894,7.781753260114521,4.9908063638446345,-0.48719226644026625,26.607391357656798
15,1.5007565657802175,35.78479183802108,0.5713170680721253,0.47098365266936604,2.2261977184923936,arterial,17.77767185228428,38.424339256326355,0.9669342247756896,47.18658407078621,13.662347078983437,5.0,0.49316588560677127,17.7061573062423
16,2.2521241958936122,14.687864076224106,20.025697073124082,0.3031407467524795,3.401903356549319,express,18.328419691194718,9.397598257386488,2.6336982698730864,50.994749671607366,6.200615061239675,4.121185706734076,0.5173189519571325,29.471841169529036
17,2.582643482780764,23.989676040563875,11.93486458106416,0.44863750798391183,-4.232288919901381,arterial,25.828989333977788,24.83653939250248,2.7999472485739156,51.406759656517046,5.368002576559302,3.9977415199449307,1.074771237937543,28.30682498974881
18,1.1419290945512603,72.59849090581872,16.157280650002026,0.31532872191368094,-5.0,local,34.78016909464896,56.77226627278786,0.7275368671655964,38.13423702338608,11.60687419259008,3.8360560076576693,1.0539290200227642,50.50311380875883
19,3.6929015364508437,72.70558186399563,8.977105472220183,0.6199333832599313,-3.254984813447014,express,45.45013002317786,67.49941338705558,4.787385455970802,32.98131935624139,9.699459131623513,5.0,-0.17180609322150653,56.37435896158223
20,0.8162302692505315,74.42269764230645,8.846955692803581,0.6718529834066379,8.110197994944635,local,22.309960122692583,70.52043219598573,0.1384195225467061,32.60359104006263,6.876011557175264,4.257975704233569,2.842104436112793,43.42956989788044
21,4.588182742696264,16.865884248919198,0.7612116674613052,0.23766407239954576,-2.0185418799648174,express,35.48829933007617,21.92754565974311,3.0021531995812287,47.23501138473102,13.2395415758417,4.701769156306735,1.5499519578287684,18.172428454362148
22,2.436805711708451,33.63752746348517,10.170946330296319,0.3224908844955829,4.56308430696126,express,27.355526224769527,38.88901658193328,2.878004449872557,40.31326118972724,7.990360895714758,4.513497288575622,-0.658139936508738,26.441413316073486
23,3.9940001069463413,45.05741215807243,9.80050069006392,0.5956125857931719,-0.24667729618746836,express,32.74008908193286,40.34591533491474,1.8750737436217395,45.41984921823635,0.6854713511818893,5.0,0.1265987865922102,41.17975416995788
24,3.547635993144278,46.816184284385315,5.394986444833711,0.30814096319825984,1.159894652732659,local,33.71511280863816,48.45938355337021,4.386325854894362,42.76183763804665,10.55145592258889,4.088534874862904,-1.985813329247044,44.954760669307426
25,2.748236938474184,23.458287532226933,5.935758564954419,0.3939496754947204,1.8434791072575918,local,27.35907377594685,31.308804068635865,2.554816345847859,49.92193061433859,1.4157717352605743,3.7018192609381804,0.027257632826938362,26.354029505648093
26,0.5996493132369826,32.0275723950751,14.01934993062028,0.4291550850644642,7.753224497340236,express,17.12552800091964,19.369069988622304,-0.601903677930906,42.17057968428658,7.475983218845604,5.0,1.6736947625658618,22.57106913355152
27,6.837626490442913,77.7725890745287,7.626514620948074,0.38357011683136055,4.045769357769986,arterial,57.198356058329836,61.884033721006965,5.395092239416725,37.39676905842764,3.285153154445058,4.606487900088659,2.781304470368258,71.61680843196949
28,1.8185046742649353,39.082189309070245,19.926045816414955,0.0502885222392526,3.347615991121229,arterial,17.718040208764926,22.74995594608986,0.3293832664264309,42.26031046478163,4.008760728201248,4.405327396044563,-0.12127853236459919,32.89753556182529
29,1.0992101589718444,34.88874333655761,2.6732425645695956,0.10497900004153299,6.538444512389187,arterial,28.111024470856204,37.08344070914737,1.2955955052374941,41.11605614767497,14.707320398380674,4.890836681886272,0.334882385033006,24.037532556393135
30,5.629854186527802,7.891967912649822,13.863478717801048,0.436899202973095,-0.21618902316553656,local,24.60864915013242,-3.851553145966051,4.005337431081215,49.46391471947283,2.1454500378526244,4.43099871849672,0.6053120288993791,41.01948070044314
31,2.517571287212941,33.477077231700505,3.841073451338456,0.5169330011875568,5.739200419330017,arterial,29.16794890601084,15.996619263580548,2.667485383048406,50.20777729499169,11.486754470005224,4.9064553107878695,1.9797035715234061,36.26386247997875
32,3.620105190322947,22.264235364664216,12.67777504609581,0.4682455755745627,5.15455908305556,highway,30.363650329603818,11.242851293698457,3.0142353501277928,42.94004773541243,9.742954340085486,4.310966352979053,-0.9829743379975451,34.98468329602294
33,1.7155251491855361,39.12518701301705,13.261101286807648,0.6067017787355269,5.114647771352365,arterial,27.57563017513487,21.088224887393473,1.1636813220973072,39.04455029839919,3.3281191250879996,4.605876971115848,2.6555130487193583,30.142468533191618
34,3.9616560541484445,5.0,15.415144476617499,0.48956054118111875,1.457441539809723,arterial,22.833403191332284,6.155106208778023,3.972967222222875,60.0,14.06240001785332,4.436876096450019,-0.31707188676775244,15.214461420434311
35,0.7319140851796903,34.920061438876225,10.258198734549449,0.5819509395119182,0.4693978647789998,highway,24.731766739086247,22.09025370534301,1.1575317403641947,47.12423063461279,3.420538541785232,4.053622319236398,-1.1701539389205355,21.835814419682972
36,1.0454183252981528,48.662994276929965,12.227392443102106,0.3167937475618969,-1.0443827580929543,arterial,21.454306534184205,29.531564751363966,1.8575187904047017,36.83529084009637,7.975978172318802,4.107574300498128,-0.3152612039224809,29.454384501963727
37,2.4817167400147797,44.145717784188456,4.34286278595104,0.4488615936705801,-0.8251382773828833,local,22.193016515591196,37.23074687582399,1.7265223970288068,36.532772042687135,11.962568132808247,4.023212003110416,-0.8096050056963733,31.773043874899713
38,1.609994931817444,46.26612391064385,11.112368393671911,0.22188442083195645,-1.2095460287047217,arterial,18.058894616300147,39.4459895231766,1.4251478685069552,33.98560521175072,11.571781696105585,4.31946919289235,0.4192556916251278,23.160214742664536
39,3.430172793929526,55.74004828498621,8.952729338262973,0.48810223258768193,3.2839671663912657,local,35.76262470250618,34.290559359835584,2.578893808511445,37.69023763421495,5.135766075706206,3.9948889171206714,-1.65239413763393,45.2183738545693
40,3.449975203984159,10.33672500715857,15.987146511705834,0.4507000091453781,1.2008229035547477,local,17.069860347923036,3.7903080417911186,3.2353676640231788,53.90966389738359,12.669449312830134,4.396154803846732,0.14164003806090744,29.955337495834698
41,1.6959353832270512,53.354181167293476,10.435721363915665,0.08291684506522787,3.509900691880068,arterial,33.78674322386454,44.82858272838846,0.9037100966882408,44.903104799285366,14.450400990208383,4.380855705002694,0.6639689393531096,34.999777454796316
42,1.6440313887132258,56.181614129015074,18.704199623525284,0.2404323466588672,3.7075870687848145,local,31.20486449360035,45.2566090953736,1.1403508654414891,30.088716743323996,7.373287454567598,4.292319360107859,1.4828339925095613,26.935824212003325
43,1.555180100988902,40.51701953510269,10.22381036576861,0.08358918274587898,-1.7091461900091658,local,30.46422227015703,32.13308401546812,1.0644616830731617,37.37618976368636,9.958571844822272,4.30013340138175,0.6806060876196242,20.604931786235777
44,3.124251287760184,33.77853442329978,5.658508151375008,0.14191265836635167,-1.8141898623823032,arterial,35.807089105423046,36.966763110957594,3.0465149142059342,44.10441204600986,5.785454124382694,3.945228709899613,1.4212744789983416,38.42025463416651
45,3.5175849302158193,75.89725399243807,6.56852925500603,0.49326546493507517,1.199688658893406,local,38.233323064974975,79.53847943983737,3.1681904109819,42.394973095834715,5.6342010500407325,4.073110634470324,-0.6056676727082282,56.18549415994097
46,1.6152025604137803,26.347740523013563,1.0868454021992777,0.4381614125421056,-0.7129225326482338,arterial,15.909074186384636,20.20249004268891,1.8587235889873785,49.76296502760174,7.310880054385485,3.4482260282942345,0.3941902562441439,25.839418942267983
47,0.5,44.386746955067665,12.958051454421842,0.4126185953453648,-1.0814424883420002,local,5.689313896020785,28.475564183749235,0.3644027342832653,42.34993781780928,3.358429889184755,4.14605879416407,-2.2292269944610985,21.328482496002795
48,0.6959537084430075,53.54203827775151,19.94114121360772,0.1769350545494838,7.934904531762047,arterial,18.764544757381458,43.868650845792075,0.1625562041511328,33.683824045469365,10.496322065666384,3.7563849464454844,-0.11398795885256933,31.110807418309122
49,2.961440860769009,59.911422849252844,18.45868096362168,0.43718074691009834,-3.3667417015709455,express,42.52116491402642,52.284761145801575,2.818323092498087,27.672270455009013,2.900838148897078,4.2449335938524095,0.3867512824095934,39.89770505960884
50,1.6754414572551204,32.46056089912686,10.506947192123313,0.055953611341957095,9.080725495473036,local,15.82132472467971,27.21852695086893,0.7741501568169381,45.30532324994011,0.5751245305784374,3.878479894913942,0.4772325426010965,24.439944390654095
51,1.7051995510164604,19.095836184364504,4.706888523468293,0.3804233420872175,3.01106734175681,express,17.72699367625157,20.50629858428059,1.990005848538297,48.112924503895215,6.872403504953317,3.277197240698012,-1.5740771714323234,13.405989512494664
52,1.0315070078016855,10.591615623507302,20.723626639138867,0.3651483023597156,5.451833990562742,local,11.024827238663354,24.486238031354706,0.6999841566496438,50.02098862602329,1.6080940790389853,5.0,-0.39016591090067043,16.008652927455465
53,1.0155517328417425,54.041073111009176,1.3627448170816416,0.5262528127378757,5.039164860655811,local,25.965258713937818,33.94306614479555,1.0776120873171964,36.21343777062366,8.65536206836485,4.095856781994445,-0.2507605008574842,47.51960669201654
54,3.919444372932353,30.625374297794053,9.581345404859857,0.10833008976263224,4.159357120431126,arterial,36.347155893594994,22.482010483888317,3.7035191395953273,42.602311449377325,8.045351277839309,4.851176037757665,-0.42907509632434643,33.92714238512971
55,3.030399399596857,23.45270613778313,20.558763417214827,0.3508656738765764,7.8164112970011494,local,17.85466793030844,30.722802458646207,4.008595847145603,43.35188830277022,2.490333768701164,3.9628546356440917,0.7250058466395507,36.86737351120372
56,1.4002666611668135,47.77244792717798,9.436240497700714,0.27126713444505685,-1.7884584096687366,local,16.428594283302136,36.95226181624044,1.5655069563003559,45.68376254586915,4.066954876257929,4.964152390938713,-0.21682743459836076,31.21281169806008
57,2.3603504760390006,56.570453408256896,2.829011298167038,0.5005786622704628,1.4526756777755692,express,38.00307039971611,53.61133993603932,2.182890590890918,33.481593466920515,0.8545571668880623,3.6817359614617873,0.09932696059857436,37.56556876130082
58,2.643540526771227,42.953958903720405,6.382788008299107,0.26100265853940785,-0.9849641937526159,express,31.316150994245096,40.92716994959596,1.8252898182057402,40.487214776731626,9.112319992996264,4.279214209134999,-0.489619599268823,28.408688060301
59,6.026101962060608,25.07398229723045,14.40070660183076,0.4025044615842101,-3.9362783586133396,highway,38.349354435842194,29.971043950342505,6.06539988979895,46.51648396479778,4.746559822392687,3.7084697611586073,1.0648244418400847,46.17784331944943
60,0.9461048728799442,43.88090567341715,3.648861784669701,0.09486802165221964,-0.314343914953783,highway,27.921025094004673,50.692148031521285,0.6353299692619324,44.47111359479559,10.8382779937511,5.0,1.1392341863148012,24.195277477725323
61,3.047768947192086,20.45510081875711,15.718447844216538,0.424983411334121,8.553917223783374,arterial,18.514855067212032,19.718344645647207,1.5226079357317177,44.60618156691911,9.63247525504693,4.0878323363676845,-0.30834174443895124,27.55059880242931
62,3.907085309342814,33.050184818135655,10.515886348781898,0.3196883953718228,1.3928665590379987,local,36.107433984846786,15.871848597475974,3.3603062005994677,48.35783984981675,5.9170200634589385,4.572803648830096,2.850589233202246,37.56450223948744
63,1.494067254896551,77.74568428808725,8.025348019692526,0.40690841197085825,8.942304996667458,local,30.52070470594797,61.180981411025314,1.497852364901467,28.543812443418997,0.8149860306988195,4.402759841843479,-0.7664777977330396,55.201710838841294
64,1.3463147992323734,46.8366649541457,5.782211532555933,0.7531647268066259,9.300395072051213,arterial,28.161025700555328,55.11353527717914,0.5568787611869876,38.795082383117375,5.142384355735,4.188517967946608,1.007196913880258,23.682476936761674
65,1.6597559498750776,47.358841945874104,19.759919660561028,0.3778354278753134,12.482956272936288,express,12.841263581280352,30.355630988298167,1.3992361107997824,46.609070903126415,5.210524742652004,4.432973939062361,-0.9510006745873693,32.97453432765294
66,3.451039546325156,45.434114923335585,9.520174739121638,0.3996396728966276,8.669225566844071,local,31.219864806608424,42.096643669169254,3.0487493223733586,36.6935753248114,5.324223575258467,4.811627822399364,0.7730242482628913,46.54718785817545
67,0.5904012852237367,66.53764336588496,17.723502374549465,0.5882592435562676,10.253461528668325,local,28.920367121964702,38.955432292524904,0.48663484128070766,36.745807352884675,14.324929850363826,4.500692668994525,0.6950039934664294,39.264639278344575
68,2.794328557016198,27.947634404776654,10.568524623297225,0.38714469883494723,3.1380863936950343,arterial,25.342030477824345,14.29689897083359,3.5026091970869424,49.8598637531353,2.8861146372345066,4.273104692975518,-1.0117381173518114,32.7929884012236
69,5.403322637757243,45.70852538325705,2.204812485282706,0.18805130744118242,2.7991488179033563,express,46.58757285543431,45.06080754556788,3.813744085033749,42.15093097910182,4.415864019560036,4.433695322090258,-0.13060296450556305,47.34015559697024
70,2.990438478178538,31.421854651111055,10.57214340401425,0.17232732004790655,3.031937764253726,arterial,32.34044281099132,26.960302895752687,4.318436597709136,44.75866567583018,12.569784814650363,5.0,1.8677394463645325,26.18452340368236
71,0.5,38.47168300557492,12.184506713658335,0.7291793818015992,2.000217716136274,express,14.566849044131521,30.065837777020725,0.4237317438470335,50.50295247505299,13.914784100546406,4.01243533211444,-0.8143015702481182,29.480166457167584
72,1.154045732662451,44.503131784936315,10.988212643841045,0.203709546057779,2.5238209730864005,arterial,25.122405776624316,32.12716984671148,1.5028101465581758,41.186259794726126,7.290141246087441,3.3657508929083146,0.4018659871179711,30.755603965106292
73,1.3788647782528618,26.352406285946948,19.58980108195854,0.2339496782177086,4.6326389780369635,arterial,13.208855989993548,8.42374756560926,1.3432473136578598,47.44268875791171,8.330707391637738,3.706574563209628,0.3354838862849767,22.846922505070822
74,3.4358730643095723,53.76023036209983,21.860432377032705,0.4886962702214031,0.36963750646211513,arterial,35.00223802593584,50.550037011371316,1.7114669004664622,36.548431255417135,1.2664465617098113,3.740044421502494,-0.04228295456847738,45.75950953508443
75,1.9898524049097381,69.54561813917731,18.882688205064817,0.7406807606835636,-2.8216848323304875,express,36.23841686266875,57.131743830697715,0.9456050404300638,33.259280466398565,12.216557221717391,3.8034241636320067,-1.731130387540856,48.23918717701824
76,0.5,41.80248884192919,13.986765653063033,0.1848549240444803,3.2726657915038424,express,13.194407509143911,24.879059294044232,0.03057929628976852,45.946015414158104,9.12112535942103,3.8188918583177993,0.8286250343133083,32.727533424431925
77,4.413976743176708,40.067825958859416,12.994799053317376,0.4648108009305509,-0.4248169201368577,arterial,39.93650198771892,34.26897604160249,4.767554923352609,40.94880924683636,7.445645860892395,4.189380191182938,0.011616281868419641,46.99662435449541
78,0.7686024104626872,44.746867747280575,15.470784722967815,0.499775145458173,-0.062457241149685316,local,18.275118748015167,42.10357369305939,-0.4157147391833529,32.14226753984459,4.887345940222202,4.311338068002209,1.1038456727027126,35.31851225606119
79,1.5170681624778346,60.349140569438404,6.9079271145449885,0.26013893002470545,1.5003636939003997,local,23.500824669488495,49.89205365314503,0.6807714045971849,38.42926070038635,6.93467928347298,4.306502276456491,0.23175810520281678,39.73424942980554
80,1.001016396893942,69.44840880372065,19.484324307568443,0.3810940337166003,0.6974987316314383,local,30.221948809122864,59.843096266349505,1.0327954294271526,29.08995152701535,11.162024462266254,3.8713749389136654,0.06446923159692655,51.76880842127364
81,1.7929539803412746,17.257711386360604,20.564356262487863,0.2326155157864196,5.885148723808424,local,13.84820227705007,14.935942386818606,1.9919437405334963,52.32496132035567,1.6712251504379168,4.6472550305076625,0.37254103263737026,16.923780250976705
82,3.9151156889386387,39.29815277366789,6.413211916363933,0.1479750902846968,1.4164046116682971,local,27.56931231503882,28.45586619722047,3.8777808215099756,42.90930506042343,7.848805826988564,4.44050511980034,-0.9875308144435018,30.661776324378195
83,4.1407552899315885,34.8802411660383,21.667636995361864,0.6043963638541646,6.061573732568511,arterial,39.53481388064181,30.02802228423138,2.9394756699594575,47.099571335726246,1.0022519422290457,4.911588886855865,1.5581062272686785,44.32222154439531
84,1.9928794217310282,39.1954860935469,20.369585375800018,0.01661178141456222,2.721056871297537,express,23.216809005067425,38.462681698782454,0.5151983914048517,39.41475553743796,11.697667704056473,4.581042468201023,-0.37541434278450503,28.49682724020893
85,6.8815857039957224,28.03284762510735,10.187682419580245,0.553866457955874,1.6901484932251536,express,37.633096958767275,31.070426194620325,6.624674848166576,43.34152798121874,3.5597593860285266,4.042710708635053,-0.3625615342725832,34.4134481224483
86,2.8282010643325664,24.463349380156302,21.816004850225895,0.4776982273740402,2.5537717020037793,express,29.775539681942192,26.32895234325826,3.691880111131093,45.345454627231625,13.599121458651512,4.787469736634623,1.2922963172519384,28.683217518305486
87,0.7301645061356766,42.840872710253834,2.890535851476195,0.12385139303781681,-2.520704524072568,highway,16.29698307783825,31.689055585064366,0.38090676322156036,35.97090659037984,7.403371381106705,4.323113738840785,0.24734219550672992,19.141575005948525
88,5.95443815072245,34.885739062314705,0.6716774210136087,0.289487066971705,3.1832701631474354,highway,33.902202909011464,34.10636606395599,4.443245148062979,48.40098498222369,7.130324033287813,4.559090378496248,-0.23645003179603927,45.916678637085646
89,2.0510667271915435,81.70854315538953,8.348803814257305,0.2468335567889683,4.972162537102362,local,20.903272494684288,72.71052667343692,1.5020557965005144,23.49207827535988,5.72510331058861,4.524193380613801,0.4138200935533031,53.00801063366938
90,5.135924749508695,65.36268793195822,13.57045677185628,0.4026807721549686,5.467976493961787,local,49.021928063756825,50.59032319504812,4.93758233326561,38.975086548015305,7.987233060327476,4.144056075024117,0.6259840786266159,50.53085402346892
91,4.2310770956071035,77.22976730102576,8.434622748788788,0.8029733760565448,-2.7326092988225374,local,40.745672286182504,62.39511304309584,3.6214548606250867,31.92271697227381,5.401404644896485,4.246471671193772,-0.11833962674372245,57.80333963262377
92,3.0190482003126444,24.08789350098579,22.60962560811263,0.19784759826105008,-3.316430707850417,express,18.655067606436518,25.2325611943707,3.8428982934932305,46.582467423810755,5.718907136351912,4.140881415575611,0.9223300850147598,20.567602664986808
93,2.554045151552971,32.03053762150887,6.113045497323482,0.5104286878333248,0.12113516221707199,local,29.289079049816905,36.864314047927635,3.038617211921104,45.75044593241981,3.3363846532001085,3.816174170291312,-1.2705543696607806,38.60638585705298
94,1.3251718848197305,71.5557621259279,6.7491214462242946,0.3955083177808081,6.846318252975073,local,32.712040719841234,48.14069452117522,1.3401251493011588,34.0131878799813,5.505609521497759,3.234887349919951,0.2618097890549199,47.83202597064212
95,6.420968065486496,18.103557790863483,15.235862701076522,0.3443658647763528,2.773413877530861,arterial,35.66345333958782,26.868452790819024,4.215412939234357,47.278489286876166,12.26986894021164,3.887787501254843,0.800269684156359,40.71266034156206
96,7.527531193888478,39.918248959594706,0.09273317620099686,0.2764452297785807,-0.7114333391187082,arterial,53.601334590531785,42.0796293470127,6.220967171426735,43.66423411000364,4.062517051918706,4.289624545409874,0.621795104950817,56.22794166968538
97,0.871070485651088,59.6194753274098,17.46136925651038,0.4478343818058365,-3.0852881342563307,arterial,34.549738272054874,52.070383529460564,0.34554557600944646,39.14322195223342,12.408387664570572,4.688513195650676,-2.2410494576741877,31.02161693047974
98,3.5586558421930867,37.328822752378144,9.059267594235774,0.1524550557402329,-0.39396256558765597,express,36.721883928948735,30.044482976015434,2.605497472655383,39.717712263522024,12.989034444217001,4.558195494801738,-0.12659255553717957,42.923283854443355
99,2.231613126458939,53.45595813295733,23.465948823439106,0.37237157062200854,-0.6304289497957725,arterial,34.61971318741066,48.17059855754773,2.1611088313049853,39.603249228227085,10.161848730513917,4.074174107255293,-1.2140369125253818,41.79379420114915
100,2.840291586869903,48.31534234446896,16.594022232713968,0.33359420110092325,5.2746620152583965,express,31.649304072865004,36.584083468185824,2.725416093011097,29.332908509468417,0.9449169096170245,3.893920514780868,1.285771704336988,40.20661735074576
101,2.391821482868935,37.02791402246635,1.253158921976234,0.46354605908400287,5.543904872854655,local,24.008477025628206,30.229861779469708,0.8133794400578664,35.246134075491845,8.634985845758498,4.119056613918202,-0.390673901996621,42.94868172408153
102,0.5,46.8885649855453,2.223067409807367,0.3102474299680855,-1.674656552668277,express,18.837291182176617,29.530091577640654,1.093678449648921,42.571042250625965,12.580659090426385,3.7612470913896967,1.1747038525397995,28.94029726700146
103,1.1224247113750851,49.18128090937363,2.1160345661798052,0.354091979099761,4.636081215535599,arterial,24.844960915062703,29.613428073489064,1.0230812052986422,37.86611484161159,5.803858472443046,3.2481286676925425,-1.2170438417526102,32.94204669118689
104,1.086690234476876,44.84270505561712,22.862934237406648,0.625277357085147,4.277649145363998,local,16.594328159532942,54.44244574021574,1.2641343418360773,36.8828810791705,4.600923247231936,3.504684918761364,0.39064278406520636,33.550784289918475
105,4.102178085033595,60.13124875929895,16.417236989222104,0.13166488030525092,-2.1288828516702614,highway,33.5000909731909,51.55308797426212,4.287821344425055,36.48519371737203,5.159963671954738,4.818633611172668,0.00794060205469651,48.31874190189561
106,4.9504894851736205,49.90253629764133,10.262544174934458,0.1005576406700137,1.706634554102344,highway,31.619798157199533,43.842979000011695,3.8418647611841257,38.244317209870665,6.634607759398801,5.0,2.764069260055646,41.48899223598398
107,3.140175790004948,37.86881164896887,4.811584557120745,0.15750761063362975,3.1928699585509595,express,29.42540078242063,31.97336034984742,3.8332827624571086,39.36991009279016,1.517453043914774,4.539273438269127,1.1779276876281528,27.559024138247327
108,1.744579376917049,37.049576310717924,20.967353914459277,0.08762377137762362,2.5713239655107567,highway,21.854902453350466,25.697721727743996,1.4566865935556057,37.15368351629617,3.946433939909023,4.173831318637447,1.1138842699707976,32.84985308279291
109,1.5808399069742995,53.58761177024002,4.837342264112171,0.20493225223210149,-3.9868937688299475,arterial,21.664172104654593,43.40003523636114,2.632793697530418,30.641222081529527,9.88055824754506,3.573158832307482,2.0278077419724765,28.37701064548417
110,1.9961148854639332,70.49702905875755,16.960301195419618,0.13628070861038705,2.4591385908081653,local,34.275762947465,60.560795557722365,1.0813574486925999,36.53349940619138,7.351021508814101,4.127490588513809,0.2837675912658137,36.23248086810425
111,4.281240080123548,38.35066433067533,18.319784677088304,0.23170193367365804,4.226927120010867,local,28.638234352031287,31.221596738210273,5.003713357655906,41.341398623540805,4.0864494662643125,4.4753276614531705,-0.09950626104837888,46.868086702947586
112,2.542144507242981,65.53711187665732,7.071746132529799,0.5848173372148331,7.5285795910363325,express,30.332727880645983,50.44112600129737,1.5647428370246366,38.04742901831281,13.997747784439364,4.573446572622293,-0.21352387973576128,41.31385840484308
113,2.3916585578224043,42.92265672581101,12.117953692095416,0.15049260615525814,-0.3407692005150196,express,29.86054344521806,39.84067976950767,4.191517731324636,40.09161711153394,4.785364586553155,4.509964950366751,0.32781665767115503,31.639518037981002
114,9.421513443555376,18.3426874358942,5.351742775641453,0.4112048792990149,0.09091395214887799,highway,58.13230502902168,16.90983716358707,7.71789508849256,50.09466382064722,2.375109156462039,4.74430563046107,-2.770122618190775,62.45803192003535
115,6.501883069557341,46.81440193601439,9.094311778931955,0.5973546297587157,1.2689663194458638,express,43.56578437418056,42.54259604781809,6.696964138965921,39.259352394740134,3.390551310028888,5.0,0.0023262077083820213,46.34336179481037
116,0.595378598360796,43.424853734400415,23.16322555872021,0.31499613191148,3.019255724609113,arterial,19.967865197465276,41.8464393583792,0.24592535957071454,41.5203385312933,4.800479695883299,4.017739941716949,0.22679153713494227,27.218335869365745
117,2.798303460063123,49.867712005041646,16.635312831706326,0.1757976795775732,2.339562186679993,local,25.548214405385924,41.193887818197524,3.09049102099005,40.06023828177624,8.077106540957296,5.0,-0.15585047738786076,46.531649029357446
118,2.535794939168716,22.484727173917722,20.318740948572362,0.4258637190774474,4.115077957884817,local,22.500338132021838,17.929802515859716,2.2497953915513103,45.62002738234387,1.4616498594741725,3.2910281032346624,-1.5309075246194201,34.50666910328928
119,0.5,21.73525674389672,12.974389715201784,0.1412848341349941,-1.9381528977529974,arterial,13.457367625090068,28.852136168076598,-0.4229843002901708,43.27836725704312,12.896660094803426,3.8497598495001615,-0.14983658594678062,15.666559559651585
120,9.467744546401299,39.7608260031987,5.736953811632548,0.2428682777661442,3.388987912537922,express,60.36840456241995,27.188595640355057,6.283505965911232,45.65054262580291,13.22341134328118,4.290000114036639,-1.5336992092614223,72.60003203825774
121,4.461219610419858,50.34507181319644,17.109116560012644,0.6939527729712054,-0.5977538307897889,local,41.20896297811415,29.677888803646407,6.021164286332187,44.88276007886688,5.116083584868379,4.447061665178287,1.7737577394967203,51.38169692740266
122,3.2338255065858403,28.135901302144493,12.013631058973594,0.11581629973359929,1.498331342805475,highway,27.68700626747728,27.80428702122518,2.968862336419267,52.96445864978555,11.742030165160122,4.118263955823035,-0.2573501994680813,28.502557535065883
123,1.635144598889987,36.58542016153127,4.2443728345694085,0.3642322358371294,7.978047695396722,arterial,16.83561262419244,26.69215647318169,-0.8831939233454571,41.082829835594445,9.195544619566597,3.9769053271140096,-2.062704053186245,38.50081111994995
124,2.559940034341212,37.51869331197376,9.898317350837047,0.2750707306617608,-2.89384983068103,local,28.090579533015976,24.349432614123558,2.5460329160790165,40.26156751320166,12.758938112544643,5.0,-0.20651095157000204,38.737103610664796
125,0.880063220444532,24.674489057685832,15.236165256391342,0.3008453437121133,1.0218638604622028,express,18.64822555923334,27.169981818679894,1.3437262236239402,44.77883280392872,4.516011349301944,3.955414840757336,0.8953983864872654,24.648220848864895
126,1.1815918661122646,73.78375872761487,17.647964560373715,0.27536062468299616,-2.4612602030871873,arterial,31.371066091431103,61.70281623215853,0.49136805268983963,31.610801523774384,9.348418238343097,3.7412817183463036,0.17607807401479325,37.42310135054639
127,0.5,41.04907827205832,5.837299101368441,0.5336873937081272,2.5357379109312044,express,15.351633291039029,26.046768127826674,-0.11668363032288426,41.40805787446103,1.5540747084832058,4.960871543796991,-0.9138560748347798,30.54163036104241
128,6.437630007141366,31.414883514922792,21.023936144383946,0.346739007673248,5.668815203865062,arterial,47.192232526703435,40.24727382075125,5.7779935287952435,40.89034309714745,0.637054768583905,4.5821187110218204,-0.6782481848419268,50.381550301965504
129,1.8614484671624818,36.09717453473188,9.109226569792272,0.45088819391700863,2.593792915954944,arterial,16.9861631605731,19.4077945037403,2.6373790050559736,37.3501278655648,13.183119335996297,4.692622749786467,-0.28684724474036566,45.42145445119971
130,7.963453259466479,69.01598472565205,6.507281229425962,0.16857590511643747,1.5914945133251794,local,54.70784506260455,58.056838270451536,7.247076029378253,34.1578219981011,4.770942815166665,4.28814205690899,-0.43966342800249425,71.021035479269
131,2.02768110097791,27.367654839097906,4.682881330889395,0.024623503402298318,6.649408151682183,arterial,18.8909711245428,10.037569189302893,2.9954932343541074,32.618820137879865,6.958456003997089,3.5808059891274424,-1.2595661414528563,26.208081994456833
132,1.8717624454575934,39.86002051473879,19.300112025671368,0.5405552528047236,3.156758521702506,express,18.58286646930883,35.77562507449356,2.589561538936027,41.55825606270568,3.8608010696269517,4.238078871674664,-0.06759774765030195,39.23752745063521
133,2.6426135922294423,60.86363061242673,8.499949799185499,0.4151256243826363,4.868481197091337,highway,30.903832964155534,47.246325119089775,2.1953244135956904,32.131669133862445,13.213708115597845,3.518840582379969,-1.333734234532631,42.14066603746533
134,3.105443193296352,37.87814779277429,11.601576669310433,0.09489294923003262,4.503400853957972,express,28.889556202118097,37.93134933116374,1.53847986661218,46.56738787015901,6.07574585609889,4.309038179517632,0.9490448458823602,26.831341534029757
135,4.977964989587435,55.61626485575756,5.347675765533015,0.43125566671028304,-5.0,local,32.663838145794855,47.152120423246956,4.298831819591609,41.643148718272755,3.0972219389463156,4.494031320201184,1.0711058488996108,46.86804255792066
136,2.3282839188025095,37.92879825730189,16.466185708054358,0.5878763499876118,1.7316591803266803,highway,24.787553082301542,41.693732971754415,2.5166414472382748,46.73059086382594,9.31589684303837,4.683938859412297,-1.00318743673336,30.510417007789783
137,1.2530345042075743,49.698733299853636,18.744801781258136,0.30300024343116955,-1.7732606410847334,local,14.345373150741112,39.23592588304811,1.1756458348903924,38.09859199801902,3.4792182282065474,4.158425355089592,-0.7166439130884359,25.77139686338802
138,3.7401194055186577,59.79366720205436,8.146205974880198,0.571571681886019,-0.9026091295490164,local,48.05069644030073,39.59280662872477,3.873647330319828,31.378180427758007,4.280003350542159,4.536640339973661,-0.4230001351337505,48.494404990110134
139,5.936409070257764,28.974543324803907,22.681905248913647,0.5239448315079722,7.161051375638526,express,41.770420589826585,26.29097419727138,6.033504144151765,42.001378072076406,10.255528291423873,3.7932695068485884,-0.03151779431405949,43.60792737353076
140,4.8508889119027625,47.66918036750536,0.7346546294456662,0.2251497302985464,0.6881805913709278,highway,39.07111485506139,38.75090094916518,4.790486863445194,41.3993891618769,14.408681985531695,4.63498415586048,0.25684774343211086,39.64431729944224
141,2.6960320029472644,37.94619558558983,3.1906344785769685,0.5284072392283037,8.623988685321027,highway,29.28271029652967,19.519447078109167,2.206165959410678,35.975868945701684,11.444743087352936,4.503560071235963,0.46305271584138724,36.86463078267318
142,2.313531186253861,29.231066130564834,14.13088875745178,0.3102458320602813,-2.9269094709479946,express,26.415557200172206,17.458744278380138,2.498084847622085,51.18438645456614,2.3000645119451124,3.8398840812210495,0.4397218614675479,21.55098456186337
143,5.300652422746174,70.01477493412978,16.83376468916111,0.5616450743370919,-1.792847730970788,local,51.95518600872444,54.352631575674884,6.558974565694708,31.549757243897545,5.032079567948973,4.438663189609511,1.5538655528373382,50.459505548100495
144,4.130553611894378,49.57891722681138,6.016391748217416,0.6312274279983872,4.668227313331896,local,29.833220539341823,53.0297633755948,2.5255946021681304,40.86456466573156,12.047291786790534,4.690374544527268,0.06036406565152272,41.21860642496007
145,0.8681171079784106,24.06667384918405,13.297706325392364,0.14534636583440616,0.80519968084522,local,21.478815049029155,25.408793368796296,1.1711353706937375,40.36360065862861,4.489636725885301,4.235390665881742,-1.302481514404029,21.344891468274888
146,2.7007828813224077,75.6801294515745,7.641269929027505,0.2757826304335219,3.0756456781036743,arterial,41.41119106755111,61.893963894289186,3.8963072212347534,28.040467800627212,11.231008526675438,3.8298693169992335,-1.6091814348397324,47.74790704614231
147,1.7943160721489426,23.39102717522839,13.298141894918166,0.6711821434202607,1.6069261077058743,arterial,21.24462596603408,23.178461208049804,0.6752124680664962,39.01761097796545,7.340990403238063,4.279990112279657,1.6357868749820632,22.6291005902009
148,2.5883882272717083,30.784251206036185,15.82386426634206,0.28767213320643814,1.500983167118973,local,24.26499950066684,11.890394366110437,3.13042947802127,49.27413834698088,13.32392364818092,4.448602836097801,0.5096558684500159,42.04363328965597
149,5.622291629568447,38.45318110559975,23.34739328565738,0.36816091075398,0.935173759437733,arterial,25.08701274693949,28.730861161723773,5.967836262264903,42.08690488731204,5.707661885646603,3.826491247222904,0.20645233146429737,50.43655270025333
150,1.873688118370818,24.07624098149813,10.936724640508409,0.32159611433018875,2.6282267614270785,arterial,14.116394309241272,23.27177248733195,0.5048423826066453,49.41915529063513,14.051286121802637,3.746560227527391,0.4490114461762098,25.16876608312337
151,2.761174303690669,28.72771562429235,15.557184966513134,0.16033396336612749,4.24573400634766,express,27.14129800209875,25.576192425416775,3.054946244856155,46.31467211530034,6.407802876006463,4.434730053835185,0.16026892488205022,27.882633239545925
152,0.5,29.115052494129934,13.872941950078365,0.47805554477463796,7.650477528403667,arterial,22.048676604131234,20.972301598685185,0.23294727907109633,47.18327337786119,11.030417809397546,4.570493078298757,0.43318890311761304,23.354972497349713
153,3.2445912686884766,79.55938684812335,7.621317453301751,0.46711091910511665,1.2912061263001378,local,43.08346502179485,67.35732189598785,2.8717755046117466,28.848194665718655,3.3303210825913605,5.0,-0.37258841855712194,51.64828924383007
154,3.9757044667812704,53.31161727225624,6.073539160745288,0.3206299392522848,0.6222659652744353,arterial,35.84380026778207,47.68163421440193,3.318170239927384,37.55107258192293,8.196447032663052,4.499576980058908,1.0551965896374536,50.800211536390776
155,2.140954759662142,39.013128520681924,23.70889732187337,0.12341762073989714,0.1713845523930373,arterial,33.46363629957138,33.09566262140022,2.977010556843633,42.68229652707866,4.996957708536374,3.6559132345607774,-0.5248652445893731,34.90877291540918
156,1.735182392168058,41.602823216592334,4.964456680836368,0.15623391111793353,7.144243492613746,local,27.76798920983193,41.38942743256779,1.4719673366317105,43.829211832495346,0.6845349670340579,5.0,-0.903287118324418,22.70467265131725
157,0.6491674391707589,64.65178430807812,18.966606409781683,0.3277859235732504,4.416137139898362,local,21.814443548187327,57.184931431079896,0.2135998675331774,36.67736654530218,6.840469453797283,4.674744216590737,-1.6908446398733965,39.33295972729714
158,4.777997489761976,34.231658899343174,3.5180973844982644,0.5824487780507955,-4.6466169925335965,highway,47.85475081180543,32.67559335744945,3.9430973301120105,54.81135231012483,3.001197962699803,3.297627995249198,-0.23772470898608855,41.585935716075895
159,6.488258822313893,42.37224329762341,19.30443046467002,0.6865065422183289,-4.800922459787337,express,41.47075476344831,48.01129032059048,5.566640975371232,47.64172243579475,14.399486078689955,3.736369494479151,1.2675025614026643,49.525387800012396
160,3.8901877272493013,12.242760450233927,4.457482631749153,0.2855135834351165,-0.9052025782432991,local,19.26761888616162,16.198890713454297,2.637540538579942,43.64110955450104,12.22453713991417,3.9787987105927782,-0.45735014248844685,41.44377676653353
161,2.350883596246903,32.24959681252644,23.21175945638801,0.10030095934505115,2.805509054190311,arterial,21.069865342972523,39.59886641531428,1.7380879905666315,44.55209712584294,11.223114320061468,4.577144186472656,-1.3785478749837818,38.340806143789514
162,1.4819250239687969,47.582520692959356,16.463703757788416,0.4122814655371154,1.882854512734583,arterial,20.405023597893294,35.741742025474196,1.4278682213346525,38.27709749997597,7.073314459594748,3.129245266011943,0.2848280889699085,31.450240004686453
163,3.783078841090367,44.34208413953776,2.162837848219893,0.2935289373377341,3.801724931452883,local,31.422099909859135,26.543874408688254,3.728276092967339,46.230838806703204,4.257019950476824,4.146399412761104,-0.6510677962739593,41.74301799796442
164,2.3574112628159005,35.918331985763345,16.63625086701626,0.5305280625018509,1.3859479523585203,local,30.153477514054323,29.548616652922497,3.084901382808556,41.90045242886243,5.203264229333817,4.551471984954962,1.548267096227133,34.25091188732748
165,0.5,22.467848098647476,14.486898306757244,0.5002793116100239,6.890965699826299,highway,14.524425281729172,17.51849635210868,0.6427831196334055,49.11624245697237,3.463280370813974,2.924649413020899,1.0745977654132517,14.497948940322072
166,3.6644216797530347,78.2275820839523,8.101109920655004,0.2577421369668165,4.702389825709055,arterial,39.94719246409331,76.70934383808495,2.918403728100236,21.667994579760197,8.502385579268115,4.536041288679764,-1.2708947948745322,51.12746268983396
167,2.1320127890130647,34.678895425226486,6.257663946161151,0.11544922798426045,2.271518124904901,local,23.094734765074442,21.56675008284464,1.1099795150597918,38.31102967089042,12.263507793744836,4.590124553351344,-0.17389473521889334,32.600154621968365
168,1.4931907770944506,59.28458254315701,17.250258761955653,0.5473002286429048,6.008688006869368,express,15.936840334760163,49.839742438463865,1.5794612040302871,44.489197496176935,3.2174577169778265,3.819006358553273,-0.7552713435668612,46.10977604778424
169,3.4562534992128566,49.4445009909288,17.792672950796778,0.4819205699430051,-3.771171785103273,arterial,26.264231274586884,44.86408140458969,3.0167315246853,39.403786155668335,0.5659380182681276,3.6810207292519066,-1.1605045860811183,49.85077498159225
170,4.751213144593019,73.51820640880113,7.852940374860878,0.45198683454224503,1.7022385056717164,arterial,42.88784240616895,63.19119297537147,4.2086380349223775,28.046724314399093,2.3212944918189864,3.8119678998789635,-0.05593449180980837,63.45979577030673
171,3.411411694448019,33.93524098483676,21.029450660148086,0.07466892696727388,2.4812930714479484,local,23.975806269777852,27.644247306440374,3.2802941387216955,45.64157333550458,7.1835161651840345,2.997555952088071,0.8182327638123443,22.5933324194737
172,4.178783949626001,54.45808336324893,6.45185325332379,0.24069310718092277,4.107127749833783,local,35.829834213405796,48.79935003120601,4.176416819659185,33.968952962853415,0.7696424580906753,4.053214547645685,-0.08170728783595751,38.9234534579719
173,2.716954866731161,40.17500783589337,1.6767462233954644,0.171779464714758,-4.003081009900172,local,33.944337845801,41.7024400768932,2.6610475593672214,41.470444552219746,6.347384224454984,4.298818315088836,-0.5161512516470967,39.96447185496603
174,2.7769858087015433,20.988764270480566,14.396828275861886,0.2011288017001976,1.0885758259393143,highway,22.747360800197672,28.590667928467113,2.362872745235628,42.49064135847938,2.1117920753091806,3.6512984412181004,-2.206236516191091,30.92992676745518
175,2.9894066350374207,36.6509578630764,2.5696937479587874,0.17361684497526436,3.4016127872287605,arterial,20.772783723806594,31.38296463580753,2.0493605282989327,40.50259407995283,2.0626130739710695,4.637422312151292,-0.6658153197258457,36.04775006518176
176,3.3551780078951032,81.22954126921896,6.639937542395646,0.44835483134792514,3.6700674423906756,express,36.24507533517239,63.334189803674164,2.5294323920047646,28.06908119870395,10.832859744529042,4.246155231294914,0.5518047614474653,52.329024403076666
177,1.4109508989640016,24.33608319127313,12.17247343316251,0.06899644452340672,6.151454445089704,local,25.6010791149964,31.42740937123571,1.9484636691679453,52.04397941091809,14.992709535669986,4.317007986669053,-1.3419409316385686,47.23934007191802
178,3.9511704542676203,72.95951032409711,6.872630936575143,0.4815335089419297,4.665268663423607,express,48.90149671751037,54.47214964833411,3.217184418123482,34.00526391561965,3.319983471321469,4.019101501702058,1.2825621179225057,57.63477156058277
179,3.8565898549016095,40.90027650114622,5.1599122180810655,0.20640941865530635,1.7870388271978561,arterial,35.364149448830354,47.29928692778022,2.394096635461479,44.871194356113904,3.8290421986238394,4.5343697766100775,-0.583634861846742,45.15379424170876
180,2.6439100430408855,54.395877583997596,16.87644995773571,0.31207114253036117,4.362408121320641,arterial,22.612628621338608,55.64544350082906,3.307178783946583,37.953995834284086,4.798064391017876,4.780752308635148,0.19371981997959664,31.001127680063455
181,3.2732205320704866,21.99685262886775,13.127984193655093,0.5564193622450112,1.2952272755587861,arterial,28.8849214594139,29.123116274539676,2.1919956850787825,50.579501880327996,11.884085456077308,4.016616610888045,-0.3991391554780734,45.2169787892453
182,0.7199406633164346,8.029248673220845,20.154269958006733,0.20986816566097025,2.513708834669985,arterial,12.973994017090902,11.622597364049318,0.676144280030409,48.67741198933884,7.835459585344435,4.542464296902731,-1.1763167404216885,23.865410090107737
183,1.2585814166033897,35.321784181684436,13.949750271731462,0.24244168302779415,4.7818082255157695,local,19.774318351776003,15.236086273467063,1.5256537431106119,40.9877575995124,8.774816685373013,4.547412356022631,0.4402960547483123,30.887326458028745
184,0.9141332629452442,45.67948260405435,11.60273308257068,0.23067265932576675,1.8414472238418513,local,17.466393874727594,31.55371439591739,0.8252946370809422,42.46517418595968,8.424353681033486,4.388041774428687,-0.59801270325181,34.52625383485588
185,5.652515492573292,27.053250195174616,6.270152438658917,0.6325480982837192,3.266963878361431,express,37.7376200315881,25.143480210749836,3.1047536267467346,44.502339184771465,14.091884621654327,4.95467438734793,-0.8330311640382132,43.315068172315094
186,1.1442651123216137,59.03652568492829,19.009581002191137,0.26814572852177254,5.364580692609544,local,21.27938276280499,45.451517842332514,1.3422289983748334,36.69736744402664,1.005368061170613,3.87307964728471,-2.3761492726841023,37.85360170346767
187,3.929158499620793,55.279807444006885,4.724904205544814,0.3525066211693577,4.492577012586685,local,30.87993420002675,44.780877179040644,4.597413249759043,37.054503412800834,2.789776275742241,4.010303258233372,1.3026867733031924,55.38433597344496
188,1.8104095248126195,50.94719082875302,5.813481863355847,0.1765860223902846,6.317151495584794,highway,32.0680941332751,47.59476947022155,2.258594354731243,44.37647236483944,6.040638240520769,3.850368280636874,0.006148748308978456,27.481841559398834
189,3.9230448779085836,22.443921937368938,20.19812632207368,0.17158375359347264,10.149569042835187,local,32.86085251992563,17.887513651563136,1.831545204521351,53.14586764231787,7.576449057181588,4.526259740133469,1.1065693875550762,32.16774779843914
190,8.63364387027105,45.58034441595174,17.788620617501067,0.17332601547426585,4.460247206749301,arterial,53.32105605218388,30.210148523288602,9.472074941646106,38.47458160201096,2.1520851932280265,4.077381180862712,0.6201924069959888,59.50092884880308
191,0.5,29.29747375877276,14.708963735508494,0.19127028256031914,0.3854760700833586,express,16.41268718157045,31.1024636869268,-0.6106812415474472,38.78873991968461,13.45096006048667,3.8869128874739167,1.1064324181752578,16.73124216016632
192,1.5702726714415847,39.89899856007483,0.9340927388777622,0.09135832562497502,3.7913806673693022,express,23.249302784781143,37.51846820213969,0.55050983658179,40.00159617717704,10.328954210320639,4.948416432035042,-0.5641448153028094,16.650276911814586
193,5.146048604218881,43.1287315060799,3.0541828388334356,0.21111567512221396,3.640864457716461,local,50.41553581631392,34.91645017931097,5.256945818626826,38.05130861165977,14.017528688964617,5.0,-1.3724556119010523,52.180271071134584
194,0.7507708521771489,33.20132655403433,11.998979044502633,0.06496658571235993,4.147287427286336,arterial,20.370437009825046,33.199990859661895,1.0379669276732875,48.236662225561275,14.141617979364202,4.052088192182289,0.7626928754138702,21.329472033558446
195,3.678756221529534,44.176128383262196,17.912134163589386,0.41589658744968594,7.232556865330801,arterial,37.52648227208954,38.215038567455984,3.375148683568428,44.597358217219806,7.931729288834673,3.5846663684821767,0.13019874366571751,47.475982169080865
196,3.2140068617892847,41.463414024075895,11.13842074060376,0.4733274718536407,-3.8943902814440223,arterial,31.141524387963354,44.56343026737123,2.4370811818532023,37.490024116918036,12.868619460105993,5.0,-0.46636638292043014,27.814325653010346
197,2.3303003106349536,40.79296100692811,0.4150325859547941,0.318895787648717,7.29843296965407,express,23.883161965574185,35.73247205479146,3.1619556621553118,39.106301088404734,11.182941578830548,4.411828741985904,0.7427134077419892,35.30855428646727
198,3.0807363299638495,46.167454920369146,4.422479968003721,0.09786294619212185,8.476459038203394,highway,36.42301956158721,48.50983034837853,2.7412020168221525,35.03799328248459,5.727368490502863,4.389325069025816,0.3081305950577901,40.70299371497092
199,2.4743787217909117,30.8172561554152,14.130400790885234,0.27704698590613386,3.9882473214457512,local,27.561096119612035,13.079098262476434,0.9742872419121782,45.73824327565421,10.03156455704776,4.247250454318008,0.6389384741346508,34.60419251638519
200,6.905724168603812,72.40046470207758,16.66120943251179,0.1848004442369449,4.072472784280965,local,48.780153444086956,64.75492815924875,7.200991711726202,32.7305939912332,14.314837564669906,3.839857022084591,-1.0223944308042814,67.49530589643555
201,4.416486592631566,30.841166013003537,0.8022795050857052,0.13415731135545594,1.154243174591754,express,34.59936551817929,23.42995853428713,4.15026592774215,48.635822843143735,11.57813104497852,4.014021544827587,0.9776164619962204,38.137895118329254
202,2.5783529857448584,50.503453570966094,1.039962083052008,0.43495035362009765,2.0221339643584675,arterial,34.07503043166896,36.91457861691665,3.2125230530007483,40.96758839970771,10.786475720600192,4.504974019097013,-0.004630675998198973,46.55677041192698
203,2.5283427477598757,37.63451579056694,6.271442770952711,0.18093997688232005,4.442832557018532,express,15.08268094179146,40.098842477817776,2.733547371748548,45.78857719329001,3.717136654596462,3.9985978377596263,1.0848701715208642,30.70054689260815
204,1.001188466694741,51.09866417979283,2.0040406892775584,0.25245254279404433,4.217433374696135,local,17.39738297072764,49.657476575958135,2.8143678169898174,32.997487501331115,12.551363118071139,4.394842587713199,0.9682533204657595,35.84870346930868
205,3.893815178265945,44.72852196534156,13.006709572640752,0.6073668861879968,4.522484055011856,local,37.213101695711416,23.973906846893016,3.256457443005569,37.86140549165251,6.150138917942741,4.206014509720574,0.6862979925548902,55.4605404988223
206,0.715865916588742,39.08265182937885,2.9688475669603314,0.06003416484436485,4.193340000611492,arterial,7.497444332190728,38.22872350218728,0.6571539179868431,46.950725340470434,9.549129808959504,3.7244008585493287,-0.11112621114219404,26.79520393979343
207,0.5,43.58572844717195,15.55726403763414,0.5150819422917599,5.144364909498295,highway,10.583614140410159,41.2069055049377,1.0258645151678334,38.739813107414314,10.32704298647163,4.929508789262768,0.7095692231213884,20.232346987984798
208,3.501266864274284,59.83631300651349,18.653407663382087,0.5140651556786321,4.753270344949766,local,35.137706827089104,45.79936550893286,2.9081063492014896,29.51071228881252,7.971000686746071,4.46731481740288,1.1107855536288451,56.87682538456293
209,2.5801793120227425,24.385360193266372,23.29239993005056,0.5528124671523895,-1.5852203284104611,express,27.197369777857602,14.880428535534257,2.9642715478847013,49.810725327201936,2.9009861272200435,4.34879145415485,0.6067328653834715,26.86514052754897
210,5.197990241010474,28.073225873160006,22.761767079305145,0.2786461449385247,4.9129381522775795,arterial,38.64921503584054,12.728215419997149,2.3202607641192863,43.71167996811732,10.613115669077237,4.449759549364228,0.20259734575706534,42.140836752664846
211,2.127678533847385,86.22005415625873,6.5607636056466765,0.6905787511608946,8.505053157456796,local,44.90785683595193,70.92432275216116,1.8566840758021055,32.00337422530811,4.085013698366185,3.3931987310902505,0.7118488443128335,60.918101504899376
212,0.6905570338618325,46.06800866216414,0.7058304629561478,0.14359174946421618,1.9068063681560918,arterial,19.371746744822932,37.91539459469356,0.5391073555424835,40.81875501906108,4.347786184903724,3.978069179075873,-0.5257044954204685,31.675164066288026
213,2.394463137277495,63.20039489514385,7.905893186682431,0.5236342978521042,7.248179817938671,local,30.434078216638287,59.29931312338186,2.043644652759235,33.88373516414832,2.3384766838172717,3.512714756807922,1.5139895498360523,56.45738833765995
214,8.711481398921729,53.94578568801184,17.00352284910368,0.4227878159499226,-1.210533549690569,arterial,51.646880295483754,47.73958038631397,7.138791700222799,43.423452226190065,9.489162864321228,4.2561087989060935,-1.681827384402176,66.92197560581215
215,1.076617786722822,40.70485921536246,1.435229022540943,0.02386081656759205,1.895830831363477,local,16.996015068335222,27.179773525927764,1.6938542788875792,37.5301981257074,2.20238324939466,4.34666049199518,0.034402720811446956,35.15681517554258
216,2.779152022997982,67.64058218576866,8.633103784114288,0.2504308564820445,-0.24405353133450447,arterial,37.176913006753885,59.16661513251728,2.097680961680635,39.94384834982967,5.505643959666622,4.263602471211302,-0.4059579185913146,46.97069388779442
217,0.652169681218894,98.12599767213959,7.152829141125767,0.4516248316777518,6.827274383483297,local,35.54421822918009,81.62878008549126,0.7471722331545934,22.10152705281893,13.398071874095168,4.730365119001183,-0.6408916933271862,64.201520177672
218,0.9304590001379345,47.151722771819436,5.264295259655441,0.493575599600267,7.74166794043098,express,23.351417542064777,33.5351808603954,0.8076821883526571,40.516811410517676,7.069457430357725,3.526191503608943,0.30519600016495774,30.562711892630208
219,4.770086184400906,54.759362168435445,16.947138113527565,0.8418925343389003,1.6528135796935324,highway,45.457484855027964,35.41890713676349,4.693368932243853,37.575687062493884,13.470318389932082,3.840337062433403,-1.1254756057844835,48.611385569518156
220,4.132670547611705,38.495768044845015,15.818328120584978,0.4837690567107919,6.0987153293164775,arterial,40.86684951304549,37.09502618329681,4.864172131973644,40.77525217887493,7.644396005595075,4.386456599765699,2.1519321985173097,53.30785538351568
221,1.4737331975025263,29.13614561502782,12.85185825682424,0.306918723904927,7.777193197661668,arterial,19.952704259191915,27.89050381912992,1.4824429619229675,42.596868107374036,3.0930902211535187,4.318771495761816,-1.3521054383210958,23.786854571028687
222,1.3294179533797674,39.75716663001728,21.858591352358342,0.10509199847101851,1.8847839971341571,highway,27.091011629919024,37.690974833481036,1.869593779146985,41.38337725819222,11.50427760341966,3.6080561702019707,-0.9512680232520959,19.513756896137448
223,1.943836505466451,24.358929422929855,2.475332465526539,0.06462676570698764,2.4541306412894426,local,15.796128379681807,15.607378975048032,1.8653489923914761,43.50481690653587,5.624987860020549,4.738438440590687,-1.0456836376298675,18.5830252124708
224,2.8873123950251522,38.54213661652052,3.5925413874751397,0.3611529779611108,4.5676537936944435,express,27.911485500350803,33.95837515875479,2.1937746003814453,50.562895630913744,14.51295377235198,4.8944499551182865,0.1984981164263349,39.0305707090313
225,1.7236886391202086,52.17657590211853,9.202792301265914,0.30047943120644466,-0.9488829353209951,arterial,23.33367658123714,34.722540487330015,1.4380737459602349,36.82154448420267,4.300873768981772,4.391514153274709,1.0145441060648281,42.218651389665844
226,7.219373228139657,42.40014744395437,15.741169244709614,0.28707808127296364,2.385341583250963,express,52.21412802935828,29.134045644398046,6.270602000187442,46.34158862198754,12.421137627527365,3.5209178706481365,0.5260069054411805,54.093108800841875
227,2.2039146700799317,22.226507344317945,14.01790301388989,0.46142734209900477,9.499754871706784,local,17.042162108647418,19.128656640908595,2.4380529086075664,51.51788494681186,7.660975083324679,4.2718763604248275,1.4723442921739869,25.659283472445445
228,2.031803889265805,30.588013038729375,1.7770244992303672,0.4734280438398153,0.24995267912396124,local,21.630793211898208,27.836282295175216,1.913945134154572,46.32845895652901,12.710917857527607,4.353154154662229,-0.8272680454252387,31.347619947762187
229,7.202870591304155,38.091825702399845,23.002195289915218,0.05872333668673728,4.988391842472799,local,36.78835354471708,20.976326575464334,5.847171866124138,42.91228947964146,3.1540253470779676,4.077670957634398,0.6587214625269537,51.04511673885492
230,5.6063870937054485,68.17708843697059,7.321555595073396,0.4362144035355707,3.8333155614795413,local,50.38065382333521,50.54771217130653,4.868178573044342,34.44957205015921,9.688193001889077,4.806260082636497,-0.30353663580881896,57.69047283817733
231,4.508377879137768,70.06033979016988,8.615342730794254,0.5272301136902645,1.4268193195396675,local,49.571077157036065,56.99353896906174,2.8368067319631223,35.21611690458518,2.1411920560182183,4.147827602713058,0.2280741210065723,57.261026854515165
232,2.8316492286002557,36.7541201558583,14.967115177042164,0.12523241906667418,2.7757928251828714,highway,31.00802981482383,37.95063326285161,2.400801754819896,44.12517295749536,12.179979770250755,5.0,1.108681092912723,30.935171315324666
233,2.7950778822417806,26.18138575383778,22.68397241903363,0.037868435441004884,8.134169735888001,local,27.590235580486237,16.562458620698575,2.5166147883410015,40.80285144039212,3.9169775697639624,4.552402746540092,-1.6922703182653593,27.51625116726625
234,0.5139212616309153,6.81316700060783,15.904517738478528,0.4711508045579551,3.9375900130275534,local,15.36429842016236,6.775218930082201,1.909287695776575,44.740503025701315,6.699844433109366,4.324236058482918,1.9910085635023296,19.868561530829744
235,0.8620712737768597,19.185570795393247,22.9145599091449,0.49886062690102173,4.48436518141442,local,19.092918583670016,18.025483660522823,1.854625795074754,54.28256040282708,10.01164411768481,4.614192322800189,-0.14524399811826655,15.046565765771131
236,2.7707406483823354,44.34054059361329,4.502186851691495,0.23783323435151066,7.603018036881147,arterial,31.484396132603386,35.941616724506986,1.666406905426995,30.683315740351112,7.434112122959509,4.888898372909294,-1.6066275072025784,45.835350215943464
237,2.7432552211005827,9.574996487694815,14.85143829535044,0.1881434749729294,0.9870634705064107,arterial,23.78643238525326,10.014887281656636,2.6303452344559486,52.5339547182531,11.794005509938643,4.604573407849704,-0.6928475149144372,21.913503750663125
238,2.859800197957712,23.231611361486188,19.893093405030836,0.3849765828253446,-1.6642021844324582,local,21.626527654925596,10.332452025317028,2.7492684294596055,46.32065136792979,10.478472389568694,4.165874242492277,0.10230523206605811,35.45592523558394
239,1.8053791476269287,20.512314571065787,12.216587238116333,0.2483574229282006,8.189215870565977,express,17.877735266997423,12.844956995472266,1.440491350652404,48.99279536624026,2.390883424875553,3.9030358797341824,-0.6930760474476451,22.10688167568393
240,3.416209458640885,89.01674972381764,8.692168219904172,0.3778523012396505,2.4778262391645076,express,42.19710531286468,85.70475626752726,2.941237692871823,22.97940351543926,11.715210759578106,3.6950516982308477,-2.0478929505075207,59.52762111361176
241,4.476077136547546,55.6952392317441,23.63420472076505,0.06703887000656508,5.1276029755215475,local,36.05196840198291,57.87430766096574,3.7453096282590344,39.560060442200125,6.640493565778228,3.1016764005660713,0.09679906180272144,42.74169821186491
242,4.833500254618099,32.16255639109889,3.383696169519852,0.12625417423170265,-0.6681521496677614,express,26.62623624280752,33.23861814937238,5.848317018662933,45.922790470907216,9.167487013685463,4.278405021133868,-0.7217495635314832,31.07423793661993
243,2.6260089017332673,42.87645156991851,9.86230866068776,0.3581380599527036,3.3598420683615773,arterial,21.865504768475603,44.147729164106266,2.0304606088127852,52.46483539823806,3.6403113947659604,4.025548662846496,0.6511399521851853,32.29809461565592
244,4.3419294420077135,18.253012989570475,20.960970061455846,0.28236652788978867,-1.8392647470165007,arterial,31.116058561306524,2.7336850488565627,4.180486212686357,49.47928323341866,6.634828089460153,4.049642157021304,-1.068387360533352,33.856819049867234
245,2.148187041054705,26.05345555866676,21.6115379161421,0.5011284476709303,2.2230894390483242,highway,27.433123689617105,15.504566027811752,-0.08985577003409961,51.57464686437066,12.348836224122076,4.662985890450095,2.261529551521538,32.100619691549156
246,1.1896598179233167,51.80518337071644,23.52917043743458,0.23377982133736383,-0.2677311481239788,express,22.966218174697893,41.85669487736219,1.72954854285087,32.99614264431817,13.930789871034943,4.149567370215638,0.5136290787323333,30.51072707681954
247,1.1138546201450092,23.71281579379397,21.236342214345157,0.10094868405464996,-1.0717901721939302,arterial,29.558017994831438,37.06538690962315,1.9498730039324572,51.76463916593403,14.111089714807411,5.0,0.19679444342773547,16.16944490895576
248,3.4017080038213625,35.28692773413519,1.2229686092979009,0.2643433932618278,0.9390706572192677,arterial,24.793714934238665,27.8023007524698,2.2199131801587284,44.79032810506317,10.651288165034272,3.9421050758073632,0.6231234165297684,35.676079296812865
249,1.4768070279164922,21.30364404526103,22.31439599105972,0.38090275222854875,-5.0,local,20.46165778705288,23.322427535834095,0.9196169250541075,48.92605601807693,1.644200580467727,3.7630719769107177,-1.8215123358138556,23.84366152788833
250,1.8027040833321815,50.82360082950942,10.276012593762847,0.2939999102583873,-2.0596585322213663,arterial,32.21937316202603,45.84866490286693,1.9836364911000672,40.299194104471916,6.918182949967619,3.6340636315422357,-0.4969581064887017,33.175523049579326
251,1.771081695734438,5.0,15.638860498957968,0.6860898169495879,4.7384495469111485,arterial,22.828702321380803,6.742864225118462,1.6095420816909518,58.95317305133938,3.299532233015683,4.525237975963934,1.783020770715583,24.28485942748956
252,0.5,36.736984611661434,9.462620860010858,0.6860979180777341,3.2168323634170446,local,22.037960513827276,31.061722555151743,0.8230956724153786,43.62712664323639,10.61541118616789,4.71816872512353,-0.32013269064529787,33.8628908183314
253,0.5,25.330678364175697,19.528033838725168,0.5662351809921188,-1.7596543143691266,highway,21.005195014289797,13.130846797966484,0.220207148340185,43.13183793201997,2.8398815666257065,3.932522296683576,-0.06282581732530196,14.468225249051889
254,4.7041528943093445,23.797933330482678,13.822062631746386,0.5573449881582886,3.917557493127732,express,34.46793003617818,1.3200959365116702,5.724349914519627,44.28217786745284,14.674855154672603,3.721207784042898,-0.46649948217885445,35.684217637666464
255,1.2553486760424217,35.38393272502896,20.293071421296105,0.5521748204376525,-1.073745752531598,local,29.508817067988286,39.0492401905247,0.5940217027269721,46.54898051707483,3.3207674156868365,4.888624299927375,1.4645080626293492,35.991355949634666
256,9.012931586915002,56.40265305849276,4.650515316498414,0.5200343106232583,4.526873546446965,express,66.98274289887351,43.62677059591607,10.264898198662074,38.828957294086166,1.2643489770578087,3.5473191538580124,-0.2446342998992029,71.07886563303624
257,1.442123201855068,30.05672923059848,4.439594274117654,0.19717399883676834,1.5952632428836098,express,14.826766829710579,12.478427481211309,2.29145001554887,39.46673858503885,12.73143009007411,4.654599080040012,-1.2518353012375592,27.177806067367335
258,0.5317010837294112,59.59408917804842,10.569043238034887,0.23483946498660363,0.8620689736268552,local,23.285391509057956,53.72070294836166,1.144223205263928,38.71066161204949,3.4329336864260913,3.94305838785472,2.5788151225514846,41.30221590891776
259,2.407084852713546,21.06591578346344,0.11403707909953287,0.3627975718547184,1.6812773169539088,arterial,14.543888021212245,20.837554279427177,1.3339942599563517,43.625260694024774,0.8481848531458285,4.378692910699585,-1.3750234399997618,20.141229486931657
260,3.802773659512921,68.52405057343994,16.628470917510192,0.48825789573325146,10.958349598329978,express,47.23800693880973,63.62068916779351,4.150242200517607,35.21930111555788,8.44712429908765,4.684614775044281,-0.09738022946249458,53.775796414352996
261,3.524103145233507,76.08253215629415,7.1052894673922635,0.6009678347140185,-0.6558053183282273,highway,41.722617606664265,72.48016224543862,3.6548435752546484,27.751088529609362,14.553889688508598,4.414315285359341,-0.841794303264919,49.7287075080299
262,4.057950352147536,26.440036960218563,13.375184309146796,0.37108344345377636,2.7929553319323253,local,37.676866153515945,16.041126831228453,1.956466994794441,45.199895086329306,4.378715886611511,4.0671347717449375,-0.7016010806000792,32.86014395720266
263,0.996201151749402,35.16432603700604,1.6800854510603251,0.2675979393836894,4.734790483223298,arterial,18.010259084092937,23.76480518477674,-0.22709920920251736,41.736272478972964,6.426483211769266,4.828243767546354,-1.0598324466166464,21.802133081384735
264,6.344858450533697,43.44737144209626,4.095464625184655,0.18706468522795253,-1.3684449718112708,express,34.76427067697602,34.699342846999514,5.996474946612725,47.66731112985675,3.9389201327361767,4.330095623218342,-0.5399921609190732,44.53994074147654
265,5.419863256337081,30.108862202761532,14.948620080526387,0.3383509118016498,-3.5799024309207628,highway,50.89192660248261,31.344014160733437,4.771237153370725,46.89803051680832,8.590781892311368,5.0,0.9840332521341691,37.60327271152672
266,5.572638564467099,65.19307962586008,7.335903050665034,0.2990111481945357,-0.10384350036760503,local,46.56984953470004,40.695644725294365,4.602192140379724,39.888505825082234,5.180442973082409,3.432680399703628,-1.9019862222338537,55.97466398823047
267,2.6906022784460006,42.4159419999431,5.153326622055209,0.2073381654433911,4.658121203881038,arterial,22.47486520320244,36.950995052590436,3.2847014061657704,53.441391322981815,9.074771100262394,3.426032862043659,1.2608075825544423,34.78252910918049
268,1.6976838454831937,37.2050745803829,5.49231601938643,0.2496792090586756,0.8029879189510096,express,27.801901199606434,38.14916616469014,0.8208920301994147,43.52634057548754,7.431303529850036,4.6474172555701765,1.088398066702977,37.89499264443545
269,8.32294683974764,32.606190214340344,5.155664753411891,0.1643926806513855,1.1911292402364129,local,60.627872435497665,33.95125681131627,7.126459401360029,50.89731831960002,13.969271437837293,4.185711975270523,0.5090592430081544,48.7944853604028
270,0.5286893806507418,19.85193667972205,14.948422786333158,0.24622409420598468,5.187693779522279,arterial,11.965457881212044,21.834077271625077,-0.04180338782789689,45.75414814530023,10.215253704430287,4.556674227890973,0.12617047757028158,24.009518450115912
271,1.4677002876740086,32.19251516540791,4.024589147266971,0.3452253472337616,-0.8222007782320078,arterial,19.916919313456727,34.804641532315514,1.7290656652103902,49.67130719562761,10.397613826556368,3.7057285995557576,0.27663919182353564,26.457281150015913
272,5.58013411463951,68.39408344134081,8.704952620317368,0.2961236273435104,1.689356410988593,arterial,47.82815118324822,38.9046919795298,3.6465541433187516,30.659492323193817,7.553768338846555,4.22435973714629,1.423412430276806,57.15392074543815
273,4.361998409228608,60.076678961907284,16.509284774242854,0.6950431970229038,-3.2984436446088656,express,35.76622504050235,62.35945794462711,3.5276610868254235,35.51324939122352,4.8956036827037135,4.405792866502274,-1.7457847344793462,50.341066188761516
274,3.2184668106042364,35.349181603520705,12.328105376343615,0.42787368792325686,3.122516712540285,local,25.945951792203054,32.35963903800622,1.5184079530136638,45.687008770437636,5.052466843956196,3.9553301203282354,0.727289689835213,41.96230038105693
275,1.8497353191764132,49.004665219543696,14.334740898611614,0.42912891157234156,2.8032747609894355,express,35.16010916428029,50.99652433835817,1.414461407065256,42.21726753122132,7.8078767931058355,4.304323367629468,-0.7461719532761537,26.16609656852951
276,2.590277888342151,22.895307486189765,6.021767507129964,0.3427703041451992,4.784377043585262,local,22.74603747572985,11.238570024867677,2.909689307313952,42.355660577348324,3.282712096983032,3.5873132186048147,0.8257475221560421,34.89032143684699
277,3.6102316710689313,35.59057456825565,22.385156955964934,0.12699473785883786,-2.008396460849851,express,25.523157723994572,17.975200470896752,3.841925700159727,40.60075045837445,2.420188444131144,4.377670286166743,-0.6136003450397964,39.53964105632867
278,2.9324329780868426,40.21510234116262,9.933101959592054,0.3382518949359253,1.3283934672965412,arterial,26.47432090930982,46.6874807850277,2.057111014064182,44.704765822862946,5.899293703136605,4.8504516109667435,0.7068699616452613,56.59733737621268
279,2.7619735813063455,82.8882103299135,6.887134478696029,0.6101723029416227,-2.474646261603654,local,44.079267339818315,63.96932593808987,2.9124337855084548,27.442326042290304,2.391894167034958,3.643089915966906,-1.5484853350609986,64.27117893624863
280,3.886021541340005,36.5088525473966,21.703828417403336,0.17017914993025865,1.138626598454704,highway,21.490455820483874,28.85658233285548,3.3492886494100538,38.117591900474984,3.8460429740822963,3.6159209951919706,-1.6925734214592536,32.05873282462534
281,1.2177857717374974,25.06906218817902,15.726950766345288,0.1242443286500874,7.1862582640442865,express,17.88970078423781,25.000885343189587,2.1848751730264744,46.94688574821656,8.257844827685233,4.735464478666874,-0.11306284040357688,8.32652750816656
282,0.7564615126019344,30.163221271486073,14.734700715322811,0.2638203704216179,0.8773653540910602,local,28.67018106375604,31.04894470278277,0.576845072162582,44.947506853215856,11.956374712842816,3.607962985771743,1.435530026257875,18.695408710088678
283,1.4988388568170479,21.028336048615838,21.281631651988036,0.18651690975022303,-2.7807193848571616,local,27.458906471568465,25.42299970537346,-1.0294829186912342,49.02612529115041,3.759188011670662,4.5782704403137915,0.5362844211702531,24.15792779354239
284,2.1261054576790848,44.732615823027245,1.4049668705132259,0.392794324714584,-0.37957742741185685,arterial,29.23863556828816,39.586426621308775,2.629239718879955,42.91159188745186,11.979135008917162,4.224906818675895,0.5291144627215842,36.94638638963827
285,2.324898580326631,7.690736556493732,20.104308288181926,0.2755493058239199,-3.6383314169602397,highway,25.113965233237963,-0.8430384883935913,1.725129362902697,54.00428585773746,0.7253534198211102,4.0119801257275975,0.8601938135090225,9.440346581887482
286,8.393536375256549,63.77794034287464,16.268744743322422,0.5683452152431965,-2.5352050758252673,local,66.17791806428424,59.15767771897299,7.334822776011347,31.657235088616847,14.956829612614152,4.859936172602696,-0.3969764156074587,73.66216384707938
287,1.988317331276722,72.4736865503787,8.639827074723105,0.1349001842789626,4.3484543162339,highway,29.93687993577788,66.66052596262284,2.058224375941451,31.34477979147717,7.995614788647024,4.617666513787662,0.6107488606359448,43.87006077681616
288,5.877927979237421,40.12141797000784,6.152432220572535,0.571009787973713,-3.0619913307673627,local,47.75640581666022,21.397961036203128,4.15036885085389,45.532709806201524,7.400366597100546,4.325872032731342,-0.5796729734329175,57.527774002266014
289,0.6058188067550041,38.79409751655752,2.5153415971573834,0.27459580168131154,3.093150066242072,express,26.576780186383516,42.90577678064736,0.604959785982423,40.63983967349793,9.933059861059022,3.231300066655298,-0.31401492095391714,20.356019241498586
290,3.2338740026418606,29.789628068477313,22.58578008592056,0.3101588038282729,2.0900993655890066,arterial,21.33813399047409,7.911654570283702,3.3380841982860883,43.86242573716402,7.390050749616455,4.520514172380472,-0.18984950649379906,35.29334019379887
291,2.565889321479689,55.754192875696205,3.4058904799088685,0.3709263662318595,0.13965112817333036,local,33.55031059787904,54.631973400498715,2.6005517409021754,31.5148130838027,6.416323150644148,3.7181130333814454,-0.5455277095673737,48.08796125645793
292,2.2742004543596797,77.31735692265613,6.226524857541222,0.12997327128108532,2.7957249302022187,highway,34.70096416445109,61.280983607852946,1.567635408096975,31.430124500236047,5.879257732719762,4.100378122846542,-0.06605054506465012,47.461248230630986
293,3.688104848052881,67.87555956288125,16.586572309667275,0.461404230282082,-1.2818152827153941,local,39.351938496353306,62.632791997433834,4.1128399340645885,35.09560552961368,14.678578654507918,4.203300330793284,-0.25455809923105915,57.94184777455031
294,1.7920435256935043,49.658533032424046,17.04365850926382,0.3836115427637586,4.942955402894663,highway,25.980297374899752,45.78111251465485,0.8148424137273987,31.433244130957497,12.991702415697258,5.0,-0.7076649815087286,32.156981153273684
295,3.62726710059703,49.76687888528069,3.858448910462255,0.36981805989752237,-0.444191045003159,local,35.278855469588144,42.041989210148444,2.76412308463466,35.0492986882483,7.78495345226372,4.086041073922854,-0.1406017096673737,44.13617864905757
296,2.693644284188545,32.5342016507743,19.539147858375063,0.20478823661962903,0.6477158898758957,local,26.880725814364364,30.811677878820383,2.315478707347975,39.14325208955495,12.628562993809862,3.559752673776152,0.15526608789532545,33.845994108817564
297,2.648619419094015,25.10247457503118,12.2468944602327,0.1868534938442024,0.23127148111012508,highway,28.968675725966833,20.731962800878346,2.6201321646020928,50.248959587937215,2.661796003052056,4.861339668745584,-1.0998642895433344,19.97308718717854
298,6.854502925851497,14.245220936175372,20.362960274762614,0.09569659818026888,4.41315747542718,arterial,41.84026807932755,17.106093581739923,5.909417978581554,42.88563542899998,8.176952011269108,4.526579496749199,0.41745641041314674,48.300284946476395
299,11.754757764805113,39.58067430979714,2.0948493563410686,0.26583335278506054,3.9055536972811478,local,67.04394208032183,48.94047549813523,11.562151507525877,42.27939261303999,7.027482856390975,4.543339112222247,-0.4936801189936769,67.94116333774562
300,1.4683865533213445,45.735800412128086,1.0279199782485522,0.07930741570470075,-5.0,arterial,17.866545371682584,29.486757415864748,1.557776868870132,43.99209366473438,5.210790886951523,4.869788101588132,0.19820377452415003,25.2886296983894
301,0.7277353710828239,11.298692119703514,15.287769155864392,0.8891604504164983,2.8898502769736267,local,12.844111099154782,-12.713135993819268,0.7154882049344362,50.58335805973336,13.81737919691914,4.975443981884841,-0.6652972400016628,54.668046260733405
302,1.4903043811064973,35.88207004297941,3.600571130635604,0.5422015611714686,-4.106074911389533,express,23.617263444687204,27.590039667911093,1.549382870294385,41.39114121100744,12.57115231837969,3.7987196712677096,1.0504954033353462,28.424899458517118
303,3.0154440696339564,39.16533465421306,12.598777097599198,0.22266491824011772,0.805374007337929,local,24.76884283906863,29.902353156682906,3.300224407439921,44.190943314358535,13.652746302818331,3.5740546112662273,0.9561157105190544,39.4031082592702
304,3.19573468956207,36.30255501878178,0.3386102228282093,0.2065000296566713,1.6213909238865494,arterial,33.129253799017775,28.214194538178692,3.0687811351186767,47.84412663704335,9.710645498867772,4.579111159584771,-1.049388772283755,42.424486967360515
305,5.046494308253552,69.33903181698543,18.718302253156807,0.43446048079539273,0.7677961966385705,local,47.28638949421902,52.45310436694432,3.0942314109089315,32.89892305109683,5.955207446082423,4.081889707436821,0.5249991699014556,60.69367672097686
306,1.3499801710314914,14.984616175326082,21.58872408428404,0.18755125496778854,3.7528672773462075,arterial,21.02691970333744,18.843962933438306,2.0865892451514387,41.17376370573072,11.473782262294375,4.122699898636558,1.4462715575458174,16.47628963580606
307,9.74415327377416,50.04096437830092,20.133186287142912,0.6420526554918975,4.520267981278362,highway,59.87386906783428,32.865513530383964,8.865478112857621,43.29453654410856,2.074221140285986,3.6952487731955284,-0.9481787121413934,68.0414923791511
308,0.5,17.033067380480023,23.00046751561004,0.30270895417624594,-0.707130274867517,express,8.355481271345592,17.63353301345963,0.9978822457773973,50.88572049774474,12.869653908345866,4.462753477104447,-0.8689543593580927,11.494381060840983
309,0.9361623624787546,8.988975786349933,21.674298111810952,0.2996499250456495,-0.834289508740623,arterial,18.368841060717955,12.109888743396745,0.5177913054043517,51.571701953967334,0.9173000804289275,4.380959028214864,0.7350594517943068,31.87145132246875
310,0.6226984669485931,37.85623865289777,10.656432438968766,0.28439339880478254,1.8741065622161905,local,18.20225238226786,34.39306420424739,-0.9009446166157928,35.15285421357716,12.36407957361541,4.130025861008459,-1.3071784753589308,21.028391723697553
311,3.468483993023503,29.616909103260568,9.560357002647518,0.254648871346225,-3.403062281981546,local,27.384556683544766,28.584375668552948,1.2985078978216835,44.412395113661184,10.707137312772359,3.575245988564013,-0.7775129424921157,33.54528954589039
312,3.6259642327451957,28.542307235869128,21.508408031317032,0.3043686962722367,0.3305770868431248,express,32.611292598867756,30.905831940581002,2.5078735779844603,42.32666151646792,1.782676147400181,4.744117512962903,-1.0146652346545333,39.401409959998134
313,5.556088687112811,29.83170110376197,22.246531088573448,0.21065770934943823,6.7182724168557515,local,40.92590807481111,25.73190291399596,5.4143152078875705,40.76405719831464,2.6314687950301723,4.315067028708408,0.7474842947908106,46.20805802865707
314,4.314818654798959,31.343764630124397,23.34806275963289,0.33478421863646435,-3.2720519782375046,arterial,26.70741457473854,24.21672363952617,4.921649553290485,44.38150445088888,7.059676082737738,4.703029678570308,-0.6924297587822523,32.386227519682585
315,11.128112852575075,46.64204581414879,18.439613636226785,0.7436542777285049,0.809589242403072,arterial,75.97925491977352,43.05033201240052,10.256878547538301,37.376210158307806,4.848185957109434,3.2536443647041957,-0.2846034048267439,77.43144921157565
316,3.3444679931456367,48.87499847542491,4.847731918593128,0.34245380690355187,-0.073052845255408,highway,30.46283995118974,45.74631236739511,2.168239266331742,37.77219763298556,13.075743527409438,4.225570418833476,-0.7483242387199245,25.37451918594962
317,1.6306234396294141,28.436538442074752,22.67889926665734,0.46721104533829877,9.018437584857153,arterial,29.429989400989825,30.39882482429481,0.8402617807515549,48.49312184308539,3.296087196769977,3.8773955361001144,1.1485135007088663,29.41574601653973
318,0.9304205620914954,42.776170009865055,22.73139520358927,0.1453972622855886,0.11748577665621296,arterial,12.65689317519167,24.372995189151947,1.9260049848032872,42.8986430329467,6.547659435790739,4.216266279161093,-0.8593869585340628,33.95874245317357
319,6.055191936924129,24.55288942167694,15.987152733911316,0.43457354071212134,0.3206619012452643,highway,41.40986150488967,19.585235363633494,4.4010480467984765,44.78292679960689,4.27682991690844,4.624444754451254,-1.4076000556493073,34.800956410123085
320,1.222694595181854,17.540596868250205,20.574726392387632,0.38747126099411955,-1.6076772473060572,highway,15.370307289611606,7.451929326044505,2.781843440875159,46.47335353413754,2.344141370355212,4.366476314788482,-1.4467923606825075,9.09675136987395
321,1.768544229643338,14.373024116085467,13.468234107934855,0.5463790920657372,2.0326263124853785,arterial,8.976236417091592,16.14382428495682,3.0925198273387076,47.775900299204274,4.266250563062716,4.208155005339166,0.693659634584833,20.615040926315807
322,1.942823131351349,29.839965092792387,22.659046689881343,0.36337918494232635,2.9455846925829063,express,25.41543222646534,30.450934528237863,3.4563184741121225,44.33147518187361,12.969812900206913,4.205751195763382,0.7658651264971831,30.07233279663715
323,0.5,27.873390679675115,2.2544735182101885,0.18865322416132524,-1.1003694666685795,arterial,4.705726936610121,21.77149330962427,0.7545611899875555,48.5968770852782,10.874752040817386,3.4981056700319804,1.2485545574516033,26.94311443862076
324,0.5746381990831689,13.956370165464747,20.735128715634495,0.290059107829851,5.460529802526878,arterial,10.64823456659063,6.758038766936002,0.24395452509605642,46.06273021619488,13.75648014987783,3.7920443757834312,-1.2609733166122568,19.416657999482478
325,5.172346822906314,43.69170846459829,1.3320870968913443,0.4453274563584335,2.948722545009781,local,45.635751235663136,41.316696939391214,4.940189153536911,46.835589417926045,6.376550268346085,4.704579395043757,-0.23121214409119942,44.244201520948074
326,1.7312179934695626,55.69650846024548,8.138569253232493,0.4741092239684075,4.9816474406781355,express,24.764079065233886,46.40933597225795,2.2849641549641606,39.68191697850009,3.9859839669668373,3.972508425664418,2.4272994076394863,35.45297632742176
327,3.4077135161307157,56.636559691651485,3.247815422766286,0.5722649888209278,0.8515256525602826,express,31.137408141278588,58.126342372766885,2.546321439885389,25.912790151366842,0.8816042746519245,4.713188570146466,-0.3023166149889869,52.34922279850262
328,0.7357351250850478,37.90439263394208,11.499242219109892,0.15408952746381402,2.851145158119667,local,21.422004432479092,44.629405117897186,-0.2188009776843859,43.66190009260392,7.679789980452986,4.571866920966233,-0.5634086329372383,24.40846745218064
329,2.5204747876303153,44.4994204103078,5.573907791819279,0.1957722103497047,1.2541622679407136,local,25.86327983370566,44.829484689205856,2.041278113642753,45.42157602971143,1.0760609821363443,4.595642299665419,-0.021009720477067388,36.68695389857512
330,6.840556601289314,21.686267549662205,22.84973710401593,0.10115003393082332,7.101885423219024,express,39.0339352629326,20.061929259549597,5.53865471913449,49.84664329988289,0.5619873143667407,4.3498114754084325,0.5299507735489212,42.88772447394706
331,8.175987123691948,39.00215818757161,13.423712007681829,0.2956648225018293,2.4069244807987173,local,58.22570335623529,45.930858662714385,8.351097594243042,41.05865905985221,9.268268034388806,4.003796295035474,0.5132332210027108,52.664855078943454
332,3.3473561568193393,28.978348216459477,21.545537671289395,0.10066000206103594,2.0306388191024958,arterial,21.105245647840405,26.316638018049154,2.5194769301539535,45.86080841236028,2.889976549224574,4.1319815729315525,-0.6144312223718779,36.15411342023637
333,1.0959329443010835,67.98403326799651,6.673403257227623,0.2972160080707139,0.39615300342680015,express,24.076229331315567,54.432071044887785,1.0628528231488492,34.72363779614369,8.616793361466392,4.488173655264014,-0.5850352893508552,39.87101764591109
334,1.6817385153253614,38.62322742431775,0.6234614387174595,0.352760270884682,0.1941272933474265,arterial,27.160969762086296,28.10236025561759,2.2999970802790997,45.78586424942857,8.816079183364115,3.2434736440788328,-0.29646005816804816,20.50188040149518
335,2.9236582235804107,38.30178374112317,18.615720088414122,0.2779533964335252,2.8320272618833946,local,21.812884633778978,27.63200524279687,3.6551662494990413,37.2931786923012,10.995667827298224,4.759699376682514,-0.7300866437708272,29.468672499150948
336,1.062306944726787,39.09106160415165,16.857063839327324,0.17368956344592665,4.8685561078045,arterial,28.125598420094505,33.182814132183495,1.1229236757378853,40.50522897891646,6.055365457544559,3.974946250559787,-1.2347630763250406,22.438032191706643
337,1.520639083997963,20.978577004529626,13.091799496180647,0.2381182660182496,-0.3959533426853086,arterial,16.564516723744738,21.073398166986063,1.6760121648887683,54.78450287887453,10.724754837833787,4.161172128359066,1.8079515186334765,25.654384484474527
338,0.5,29.326300011355237,19.568225513501105,0.3759524003531052,2.4430274701164505,arterial,19.954184911325505,15.021256433250525,-0.3635925020027804,45.58199408901096,5.806499219872524,4.165051857204808,-0.406924614225695,18.86840320145541
339,1.4876441988803057,26.526979286360547,20.16202494355518,0.1893660981929987,2.644593218566902,express,22.8393407190384,19.40545090043281,2.1573250965313986,52.77478256521816,1.9179129090986282,4.1820753389568655,-0.3502431728766559,22.576163284409354
340,3.788879953270247,40.24321740257619,14.10967939243617,0.2727350814934286,3.2542723073146362,express,31.50570340593788,35.69669188982154,4.420810551781036,54.32393676737728,4.994856277868642,3.608861242173816,-0.31908660378262194,35.16786793612152
341,2.6652658331151975,23.675596759699012,23.182267004494488,0.18691728123600682,-3.9762374065125154,local,20.74185338309941,24.629641129870336,0.9024567918683812,45.55534718238604,0.6097262753516762,4.268276265155532,-0.08051000034262533,28.352664492431828
342,3.9087405485299502,60.92721337312241,17.273086742815856,0.5909586383249351,-1.2365644489884584,express,38.7332897923254,51.606672102595304,4.9282231501054525,30.750794145970723,7.2056887290361304,4.467464084400451,0.43475976952728074,50.09102651151756
343,8.857008677862957,54.89835380711384,16.245009027903087,0.438954441452648,-2.7804558204266527,local,62.69237033266347,48.375157672845155,7.41078023658041,36.590462131840816,11.234511929361402,3.2799968198717573,-0.46519180365839824,71.39050610172372
344,1.56832712246796,63.217430238061475,8.674123021407489,0.7590850998057914,2.1150954932811095,express,24.828607982704014,45.065158853418424,1.8871991207293828,38.9125715995649,11.878839568387914,3.614646409074462,1.139353529381504,40.30315442349186
345,3.86368832967242,38.99498262277697,0.05420588640018398,0.4832233517925355,-1.1534067946160889,local,27.365317475843984,26.76322806561775,3.539368876557888,47.29064199668698,3.8654024379343523,4.6031394103331085,0.5978158792398196,43.54370999224859
346,4.982743085504594,44.32369269657474,5.782624173460272,0.18789359667214645,0.2631560855063826,arterial,45.534037870145966,37.24910593110001,4.436168100065673,50.41501493831067,2.0318253280882685,4.519408714844098,-0.1908986106242179,46.66943066825311
347,5.474166854117252,48.74703441892781,18.334092163551116,0.26396132289256163,-2.179981833687961,arterial,38.00362967799008,45.0088370624186,4.7615357860840355,39.70074495127143,3.1887360434246936,4.3344335558808496,-0.6662346234964301,47.8995377405989
348,3.802763392305549,55.73617416164721,17.03691010649218,0.8106146788069902,0.5886721199126907,local,40.19788638511432,48.99487108267316,2.6284363874561496,38.61014445610181,14.763838213931056,3.893033357127447,1.084926535993883,50.519278688215664
349,1.568796831673456,72.43664264402459,7.94453147592226,0.3931404850331038,-1.934362604265691,highway,28.950328504885963,55.62937554148654,1.8309795570244924,29.635647632908224,5.025490007664466,4.522025674617031,-0.1620421877413563,48.832042309664146
350,2.7953990612332262,26.366198121163233,15.01399138892253,0.3765689939831324,4.652679547115327,local,24.473376276004032,20.755334448151384,2.2870234201053568,36.3090627781743,6.724624598960119,3.658694689114899,-1.24275125035401,30.899766300138083
351,4.0126414906054055,40.28897941653038,4.686899507355292,0.533868053428586,3.6772978942845223,local,41.741751053442165,44.82850090418848,2.563839484485352,41.68695927759002,1.5965851995743525,4.1381987806651,1.0210645232945812,52.32963302736163
352,1.139603955807118,31.913878384342993,6.327065262457057,0.5934999575008583,2.5258024851602348,arterial,19.690924894404166,30.936604254867476,0.19763980946717752,39.623819554736556,11.94528939711496,3.6120781783956315,-0.7263284484132133,24.78476236631517
353,0.5,32.50301722405611,22.737794253659917,0.2502114191721116,0.9432032461180104,arterial,13.867590244063516,26.489833336952852,-0.5839570109531071,47.32210080747763,7.003110082532324,4.127099125730302,0.8685007758332745,25.717563897195014
354,1.0496620208737188,32.16133394245309,9.916333750454267,0.2467720218864047,-5.0,local,16.68425448932897,20.1562765190476,0.5250233785447325,37.332482491334616,1.7672694609937927,3.7363241074325932,-2.514267670212917,33.29014705902418
355,4.605044915986096,34.7917524130081,5.879702263172509,0.44568494764041205,0.39627681076803967,local,33.088020295613745,24.579391731076342,4.532619871133375,40.713772817946605,7.3576578758471465,4.540114887364614,-0.3686625112407663,42.073587788622326
356,2.2529840634424443,33.4021288131714,11.690597924135794,0.0918668972654173,-0.6650979029058095,local,19.595777647590573,28.4379420268342,1.4587912166190957,45.866344376079574,10.842482018549747,4.394931823853303,1.159968600736047,25.731653266029234
357,4.438007687676709,48.85784600178121,9.288381114896788,0.30469697530562,2.8654597604293257,express,34.74601127688576,43.460798791714076,4.774560164298336,41.22270091850688,7.359049406547435,3.9432409888871662,0.0051307300962505084,40.25483277372558
358,1.05419993235783,56.93874028867131,17.508696896378538,0.3878145554851375,4.168975090815302,arterial,32.525545900986685,52.356873361081526,0.8534083555881564,36.95299181252407,14.545175016789063,4.690634647412736,0.5981352876401154,56.8562026605318
359,1.896066467038116,27.330676809070383,23.090786555781147,0.4512665592586134,3.136214318725803,local,25.3588249312622,25.946974378431527,1.4749358828612082,53.367644510486095,13.139124410955278,3.7696580894689578,-0.901930736717271,31.979324001176366
360,2.217700330712866,23.836421011765385,14.201698186984604,0.28886754553230565,6.420634081943058,arterial,19.94201909415945,17.66930332411978,2.009342641878435,53.54919314864224,7.9647013605092,4.184121989189362,0.34770522681251737,27.383569985104003
361,0.9354568032121898,35.939145336685954,14.18753248648596,0.35133774149449193,0.010900179652185482,highway,23.781134469092336,26.970539240435,1.9580350682960286,40.778270943741546,14.137361773660626,3.9233304026335225,0.0037522669906070805,19.62256275175323
362,1.953648131324457,48.54065232446146,8.756012609363594,0.42280288611236644,-0.13421558462225258,express,18.64840552596656,55.58847665181992,0.6612123646381651,46.029837201582275,12.265123065486794,4.534067295620018,0.24333406506867974,41.46709326231379
363,5.697688558659732,39.02346366586252,13.551142367407088,0.18397119247367896,5.632573801159019,local,47.0230082414053,29.274672862487954,6.453013279929074,49.97382431045461,5.839915157199487,4.489549105016106,2.0392799041566856,48.05385333016264
364,1.712470204368998,55.32598677787266,7.663892793291317,0.31775051363774004,2.5817573808834693,arterial,32.94236442811579,37.98516289410647,2.3093512710718063,37.271093443193365,11.68544263548058,4.785880442764215,1.3045896367559764,34.39666859707151
365,2.085984680444588,20.914537431058577,0.026209783496206285,0.36257297768410135,1.1355044081022436,local,31.982664255372246,6.306334470032727,1.8600610163702103,48.18210530672286,7.834858843016062,4.237343001859783,0.7919933451302751,32.56084406779711
366,0.5,22.401956118108238,20.78630814908364,0.6335388300209239,8.462824007131738,local,20.403881691481715,16.56934049048402,1.396420547816091,46.80944929201928,8.317120008978916,2.8681814587821077,0.8046191409050012,29.852427079502036
367,1.0420343526542406,60.99061313514852,10.306658052520925,0.2906852230202873,4.022056915839389,express,26.74668831110405,58.42190790954406,0.6798526357293665,33.54144806078541,8.0490047931657,4.006109188619572,-0.9091558619701235,40.21867132343617
368,2.735981020540821,52.27108404677894,11.81012364129592,0.2775862124346976,1.3330953912307082,express,36.65518606923929,40.398787614373745,2.6909256187483193,36.58083164273904,12.153338835788226,4.904366867404301,-0.47122908639120165,46.17493657008268
369,0.8424640781816314,47.07399359332098,2.0040219702222766,0.3990136769795775,-0.4008068477655504,local,18.013388170377862,50.35549634792565,0.3250860643300819,45.35706485763093,13.819329390396295,4.053752410993537,-1.5325817383086626,33.08197877638063
370,6.336309467309657,30.026261013092885,20.090652321729408,0.20093714626829334,6.642794350543541,express,39.14677329860461,25.471351045159057,6.475858651686925,47.33975197613693,5.1330064510800435,3.3371087061940585,-1.2695853623811382,41.79945011997341
371,6.347594615220352,25.150480403503714,4.088089689062169,0.37455032731467425,2.724489573113842,express,40.64880900156857,29.144814810205354,5.147030669509784,44.48899703607206,9.807855577839819,4.402199334470812,-0.8865338246578354,33.35194453574966
372,2.7276655744682587,41.89285595201551,9.854907810823583,0.3402441402278984,2.0858092183844947,express,35.03655175019203,30.304879631520226,2.4138047858200404,38.047670644517744,9.611928548189764,4.435826717555179,-0.02912458259985813,28.48901890594452
373,4.540768544733551,21.073457478022174,20.166373129533152,0.48526428744970473,4.3669674960928155,express,28.21654876980321,12.716921760880306,4.630002744920352,44.674992587240034,13.3687102344622,3.8727604596633727,-1.2250086973127972,35.825669655819034
374,0.5,29.454885430837088,10.986790565124469,0.21382223524674387,5.08030749898891,arterial,9.988877483169581,25.673972539521333,1.2885517131905457,45.08046901211572,6.984569459825903,4.088962902708513,-0.03917018658701813,14.817636585109735
375,4.316471893121841,32.35586154358693,22.34765605119513,0.27582843352367725,3.9245449457181385,highway,34.10424561729088,30.880364976463163,3.2279006703945514,48.3942642191056,3.257327712965618,3.818716828294434,-0.15402950812642802,26.869080308681923
376,3.1529367704929046,39.96392720380181,5.023543282096552,0.5668509552156049,5.093914514711804,local,34.402186713511824,32.716637425269866,3.4401536815399067,38.436795250733326,3.4447452461290573,4.4351563646022525,-1.134228787131098,42.26549140385302
377,2.406323545051127,63.93064703684093,17.16558791891451,0.6902476140885719,3.579810256159387,arterial,29.829033491577555,56.38830813608028,1.3801031256450709,38.04712093331692,1.243509079409742,4.225469752485229,1.5255868645304431,51.41630167656872
378,6.668671836109564,14.262457534601907,23.471964565481457,0.17277385749604088,3.942117042005793,local,42.36272297144533,16.24249057856325,4.281539992011464,51.16354201791253,1.9605631750214214,3.675401176408765,-1.3245257016421466,42.996750945923345
379,2.5531299725180494,32.68304110531374,13.19072729328746,0.3822351169472413,-0.5607324919520225,express,32.43252621448847,17.837045181103107,1.699366057481615,45.00198520463929,4.86768379195938,4.195705277750005,1.1173248137655518,33.45868095089981
380,2.258827033193388,46.861626348674804,16.612413567455828,0.8152388027017061,8.336238585661457,local,35.55278192700486,37.4458202520496,2.7006723107351034,43.41421908257782,1.9871624033971438,3.870139032434772,-2.2542762218789,47.15616483873659
381,2.2474136093182224,37.12037082990631,9.437439830424204,0.5987838408480425,-2.31786830646746,arterial,28.040225871392813,27.921537502002064,2.0128987452041227,46.03975594109118,13.130825707992416,4.857477312207941,-0.14223321357340624,40.02543308079605
382,6.6265996079975675,58.04661722403149,18.032096153411253,0.4898493281046826,3.082821650741159,express,49.586211921354504,46.04876953708069,5.535941269792856,30.988244606294955,5.749268894021799,4.602163979943784,-1.1976248330409551,68.77919164635423
383,5.204381759185527,18.409055932763756,21.812977356569498,0.3091440711243733,-2.6786847036251267,local,42.693548755401835,18.495841642477632,4.728326242059781,44.522940494688385,5.842776210923899,4.144974295232807,-0.6544547175949919,52.83893503947768
384,3.4608366499575616,57.07418534258879,16.8733336092127,0.4203751943639691,1.6565494140741566,local,35.30898164445566,44.97953149212463,3.13267272337521,36.11892801379385,11.483842412061717,4.23647886956758,1.810154455536575,51.412349983083196
385,4.97699079943144,28.958759773440576,22.462289073143502,0.06179181338597205,0.00047226746170259126,local,38.778117912604294,10.579402353941648,4.976810558579757,47.612679733320626,4.869395568281455,4.656199302572091,-0.346967612063353,37.53698182024259
386,3.6854934377685793,23.107532288060078,14.127663647815432,0.1695075888030661,2.4751455497039427,express,37.30732291327504,17.98577188201079,2.0275761544512028,53.187027756869156,10.870143010449034,4.121875324773795,-1.104548797068591,38.501772005323076
387,4.172816783121275,25.635121557134244,13.851298570823111,0.49887490109940436,3.1961518847517576,local,36.08811717026196,14.339011104755917,3.6736527393415326,46.571983834110526,12.425133580460292,4.54127663600857,0.4876358673632559,48.14681414157755
388,2.379913784864098,72.87119348162688,7.311057314619728,0.30924037798929255,-1.3471679604810722,arterial,28.30202032325775,65.41483832766066,2.2413442236109073,39.33494639443271,5.722581557260404,4.864823758290906,-0.3557469160338299,42.122008230605985
389,3.761223532139723,47.64165047928612,17.03105978793086,0.34733704971596735,1.8970494076694848,arterial,27.948240342110104,46.13528185036924,2.2928050478423456,37.186128701238566,7.428273074625324,3.9791030703678167,0.15071316752482067,49.67248463529539
390,6.438616655763726,28.315416863236756,21.16686052214773,0.20871024228324953,6.877859778596988,highway,39.7585707719496,8.844302313587676,4.691489053199645,43.937639839344726,5.172319827647372,4.940765295413685,-0.9144545563384058,41.4089934635867
391,2.68501979363225,24.26626646551191,15.51158942709435,0.13704434706574176,-2.592927841255112,express,26.65388504637758,15.206702005402864,2.1247510790831137,46.22330134810709,6.635881063709717,4.809802600727632,-0.8652164320627195,24.618917678852252
392,2.259819504339575,38.83044495356411,5.592941294365991,0.16027588982025912,-0.9891881920672327,local,26.73719444263355,35.479489374463945,2.0406569805217174,39.76140463175816,8.920833660552676,4.311851461071417,-0.7876808018130168,28.14553275939117
393,0.8829812140439585,48.16230807942456,13.058618753320477,0.34334193714889805,5.012641267703672,express,32.321243253734075,31.075835921099934,0.8043199126839863,44.502241629667,5.569775873071504,4.000239599147887,0.7984331424617431,21.87305892156086
394,3.173782645698566,59.15935706610591,18.14249800683396,0.4641573910764532,2.27144184636247,express,36.79314885437615,55.7640796464515,2.4113255960541133,25.24455445131147,7.229928334123516,4.306250192139217,-0.22682975236570238,41.742825885025674
395,2.1571058068761184,27.454466824662045,22.544719556946067,0.14731833945987444,2.5290422543859754,express,19.846344445914383,30.68151254499829,1.4635275518148074,44.45474754814714,7.695243616798859,4.089974596854989,-1.048260243557517,29.379293916102178
396,6.668558662729326,44.785360493834915,3.7583051884932948,0.22484801392686213,5.578058220423145,arterial,40.31882284501051,36.93344698250702,5.685561739272978,45.70752494478979,0.8553049611490073,3.8432526648282965,0.1618194686026173,49.899547586402136
397,2.2588173841420307,31.91293440978297,3.059930183197454,0.21115133298290878,-0.7792404562940236,local,29.143467353192662,21.70861305168655,2.2717530548068225,43.75454308682251,2.872910028894097,4.439523837897157,0.0794795206686903,38.58736010493504
398,2.313271434975019,35.833488093006835,9.910644725589744,0.18561707542722317,0.18232669465841567,express,24.190868068943953,14.28449150072862,3.077641096912172,48.170265302493505,8.349928218992233,3.7394140653034627,0.5736027980413265,23.7390732840896
399,0.8927516019311758,38.89739464854961,3.0146680671026607,0.2692743422154602,-0.24924653263393504,arterial,11.390481901284844,38.76096251459487,-0.9728410674172379,51.58296950098878,0.5384346351284641,4.0476504345062345,-0.4818012331266243,19.893873905521787
400,3.9785036440643204,21.305469947860338,23.530293900122842,0.46551928210949095,0.7812893343255307,local,30.029369211942516,32.127408306415774,4.079054976699349,47.99885903956594,10.710807809438435,4.053569237786745,-0.07757151084009072,38.17457161942681
401,3.187039684958882,43.45234600624549,10.183304814781419,0.3620203137852525,6.688327297316874,local,25.73260571698021,49.50405249365474,2.77941438750821,45.915992646534825,13.629242343862822,3.5856332444530756,0.4216786341233615,44.286951789202575
402,0.5,27.84772371757458,12.806652457629717,0.2636361699424853,-3.953780334335792,local,12.566492515829756,22.30575053750486,0.8705778248790685,55.79496063960773,11.441252284647371,4.49631241040199,-1.0093530248256164,21.717137489706783
403,4.301145293922135,41.341887292247954,5.450106751026511,0.32824782874798575,-2.179765838185256,arterial,35.12256805289742,27.49187347438548,4.819465434338713,43.549300983671515,5.0551924523169625,4.097247881806145,0.8862228620608652,42.64505445195364
404,4.377925557601667,32.45514443296957,10.779026964886302,0.5144779353649493,-2.779890735526127,local,29.8872962196106,33.45024235232106,3.3360321411882405,44.04224804982602,7.022694067489061,4.784479489542476,0.01644362820523452,49.93112526809708
405,1.1205484109533677,63.63067923162089,23.632654436669277,0.34549146949217446,6.9059288274008885,arterial,23.33055378292584,53.19799591381357,1.7639373121758284,38.82967456122964,9.935393543021823,4.08990614870703,-1.101012813095848,39.365850592567234
406,2.853816150767203,29.084057337280985,11.728491632807268,0.40874340574406814,-0.15039977144917138,express,22.56378315080798,28.068370802192764,1.5652002442281396,50.19416300081671,10.36633561014378,4.017032171014127,-1.1084223058384672,26.177692774413554
407,5.082882787844876,14.867370078123326,0.21177421930766904,0.21661760808157532,0.8566422387025048,local,28.640436021295773,14.756526489483443,4.6766738952741935,49.951292584905296,14.673705046873293,3.7929107783186127,-0.09939856593778695,31.178016858926554
408,3.5603490179568253,28.98966037422975,5.8206607260151335,0.116321599530689,-3.6512196227232767,local,22.940801275131903,25.292235567353938,3.0103007006923566,44.135084054426656,7.6482223141235535,4.217563142713182,-0.5502258104040577,39.168954186941164
409,3.096505195703369,41.243434158125424,23.4829159314841,0.0483668502704132,1.0816488734192848,local,25.835840323789206,42.25651565878433,2.823878250538943,49.399817325206875,4.118255080486664,4.220105204492558,0.7546066219590807,33.45281868284886
410,6.1079867866868085,47.67815858666829,23.73762032185758,0.2119715806460569,5.0328260229468835,arterial,39.56150112351818,47.986111281882366,4.705960680138528,39.19015143181892,5.751781713741217,4.5337950308550745,-0.2867519125138717,50.33454505590981
411,5.104352297756271,37.87551804608839,5.051834154520936,0.35268021008863987,2.885349668955371,express,40.99852094036509,28.535376546194193,4.943423832820804,47.706899247925236,13.87542287995367,4.230158545650002,0.3030465638821109,47.244809564850755
412,1.3600054922472318,41.163940463395875,14.766338108252484,0.3219771652368048,1.6224758204548104,arterial,22.78997771089511,28.527562094181512,2.4930347554343335,43.058332623318975,9.674288858980352,5.0,-0.8486211164145038,39.96682716272302
413,3.5752823021215705,47.06231128428634,1.845799932129947,0.10391093508513609,-3.477099339081093,express,37.935609642469686,22.509153714792063,2.4402685752563107,47.981345375177824,13.031645374933788,4.405297768854338,-0.02299597610505746,36.623115442212
414,2.7184408366577104,28.429141377251014,13.8585994186711,0.1562910474116724,0.8521676944220982,highway,33.7023670572013,21.7416406499648,2.598313170322518,42.76249180137961,10.999241063189547,3.755923356949765,1.3155359455935842,24.63658005470821
415,1.5400110146786858,39.50739211714867,3.022096835674498,0.4195099127470536,2.514201673740587,local,26.105850465170906,25.928007189997032,2.070708410074028,38.90484093123088,14.498740014559193,3.7178356456654713,-0.14812829208209022,32.69093030476962
416,0.8238785529511805,27.724944543921108,19.64787656742379,0.2952162653989776,-1.4713869996165663,arterial,18.53095773810438,26.500581295312564,0.5040981151237023,49.51002971334572,7.767835825111369,4.440658860980571,-0.5529641639281685,19.494607916715022
417,0.5,40.068496804469824,22.549799702453868,0.3973193884143495,4.292119052922584,arterial,21.753352600529578,31.707153739881342,1.5383143372453258,37.66345495552114,14.273626261083965,3.7417523484448405,-0.8638049500185812,25.231472580697737
418,4.53128402283918,47.82487318690731,4.151683393187583,0.7292420864425401,5.097739913257744,arterial,41.89140472111941,39.059141656790146,3.73440494742029,39.66056772100108,13.345408152856027,4.467679973043296,-0.018770529882187432,49.34281367224964
419,4.214733151304147,30.553405939207,11.105092046275775,0.3242629101679892,0.1497295197106665,local,32.560359765467105,31.654157718589115,3.7002240736146965,51.37908932974143,12.724869761864891,4.603037570252888,1.4093147681412,44.02006553884205
420,2.953862913277507,39.239144714633525,2.44903196339122,0.24206637577642384,4.5404126782009655,local,27.988697794113286,36.13405576767471,1.863953264808499,35.60479527832268,14.116852021817483,4.6138839792798,-1.3635944295890177,36.578593002058504
421,0.8530841050000141,93.28474377289899,8.139360169751399,0.3774693373922459,1.615911408805884,arterial,26.14051896918891,78.47520178740754,0.869047980155844,27.868195307780095,8.120295805701442,3.808865737398448,-0.04991768630404784,58.307101064748274
422,1.2184801126566145,41.48925308221243,1.5623461142526356,0.3150743609086466,6.014982935525846,arterial,25.380765761108933,47.07084485142738,1.0990504577901292,46.770056910816066,11.271022225820198,4.614662028726389,-1.7138719055978027,29.59589437073486
423,1.7465384927579992,53.651514880019775,6.3491166724182495,0.38000154551654264,9.119527310203281,local,26.40629016930641,50.77083006234805,2.0806056393580925,38.04091178474705,8.552368660824621,4.345165157257434,-0.41042221034142284,37.89913294545175
424,4.228367036287348,39.78497097911653,23.765368010143238,0.3225924284541895,-1.8278291867663636,local,41.64090229242286,30.90619935604006,3.296565500320778,38.71095252789341,11.755783893562029,3.92645802267844,0.26276936396272355,49.45368928870154
425,4.158646762607906,40.49954218499084,1.0704784157136444,0.6722185250276845,4.693195412413331,arterial,40.56058185549857,31.8258379955773,3.197185586706656,40.45526826207134,11.574411187822156,4.128269484375429,-1.580375080092949,46.23435362170301
426,6.520816529371969,28.340699794615162,20.615239910848096,0.2640824231001609,6.567375981569547,express,38.76928234111011,29.608252679951136,6.238728570754758,42.615546069518906,11.496860783415862,4.412075891781406,-0.4448095467994355,43.38215012496003
427,2.46181458335751,48.65057089572488,1.8588618660985166,0.7618696721244873,-1.3973811912314131,arterial,36.82409481728448,42.77290515002256,3.3333855170814095,39.157722287099325,6.712512484679589,3.8972170059790243,0.2905194599334413,42.05461132740964
428,12.538763909467821,40.37455434860055,12.695926346816643,0.3331027367290851,-0.01292233876531057,local,59.16864345042485,26.470253223972623,11.788095716625826,41.114605980552646,12.046174177729252,4.33583675359035,0.13113809134143364,85.68554602804635
429,1.2690116836988343,40.602162699614816,10.850875018256296,0.16055671589598713,-0.05231984380221322,local,30.096940674829014,40.77482817311908,2.620040314217867,40.44519566846966,13.209095390126361,4.85052087684271,0.3389582672210746,30.827662706530617
430,1.6975992677830354,23.89316902679781,22.357311840495477,0.16137493428131613,1.5352656651235728,express,12.010342173577433,29.10981907415629,1.9720853179822944,49.37388900324479,9.72569785324883,4.6338252586602255,-0.9745966366664115,25.47942740781749
431,4.084286326587459,48.34753587338243,4.77719669484215,0.3955759373976706,0.7527207282278248,express,38.4691869446304,49.36512756841598,4.091291978612208,46.021049851675485,7.092467554811662,4.236893787081478,0.2901077037682979,40.44244230333704
432,2.7284736631288182,43.36966622191222,4.312368369111243,0.20942785518858467,1.3060039418072127,local,30.00367815958093,47.66345929922663,2.999060601351872,42.881527938427176,12.87209970645399,4.30536417390653,-0.6000082265405076,42.32067951839534
433,2.838387794932922,51.91776728605555,17.969138125627975,0.5949155790913738,4.93295914897359,arterial,37.787816084795985,58.61448910004616,3.7450856200629605,43.609500937775636,11.787529633793811,3.957871677896328,0.7140293486548338,45.405535074965954
434,0.9849054736220367,81.90390553844297,17.417267354408494,0.24615719861790875,-4.635341026601547,arterial,27.038235806324103,81.72803295493682,1.8764709791535823,36.251813532353104,7.30920136944253,3.9705466167448513,-2.310651339674044,48.36208161318894
435,2.771624382769115,40.11493420998055,16.78036249182717,0.18597204624538366,-1.4086269757448155,arterial,16.49986312057338,36.48232655080152,1.626559358005188,40.24701443524232,8.908101275490777,3.5082616670234636,-0.289609378392128,37.38728150134385
436,1.2845184229485722,46.219380328983334,0.6270507881371374,0.13571923093625785,4.344748266734534,local,19.99075317342342,37.827478152599014,1.796532090741772,41.962181455397264,10.444466169456183,4.312999374055235,0.09887709483246057,26.46548125379223
437,1.293788306200319,36.35371656731676,6.239032481397808,0.5348134726049167,3.9347165201730605,arterial,20.39812087323742,18.093447203204285,1.3766946802190938,41.32446750800065,10.480662950586844,4.507124294218539,1.3494320505632633,30.430455664802125
438,1.411414510451175,27.86514842373745,20.157484268503183,0.12138189787292819,-1.704897679116867,highway,7.842647356530648,23.761451078257142,1.1150450466949156,40.46903631242852,5.01003848867855,4.1681204314426274,0.08679703872625545,21.818332356280376
439,2.7290129353158017,54.764488254531656,14.420594914962543,0.45944013493368857,3.9589568260628427,arterial,31.8528043443902,50.183767428735564,1.037768317418285,39.07481672864854,4.744029197596213,3.8052041121895916,0.188285751680048,48.49591745728727
440,3.6496641017209672,19.38744773189613,14.45267809757236,0.43000026495319627,6.644034348869215,local,22.45947084020475,16.78420091010319,2.0525689633406476,44.11516667833091,13.366529993298512,4.229757813987532,0.3754902284828666,41.37531244038221
441,2.7419387509855473,67.34798348044279,7.10199852971548,0.6385154119797268,1.8284071993707158,local,38.59328332049828,44.02823896766946,2.1761710997965134,35.455787234303216,14.086661530202914,4.803794055514291,1.253087200548664,52.26026606440777
442,2.219863015073115,44.80444113406238,6.244154125366749,0.5202409403963445,-1.5278635772236022,local,26.217166640171893,36.0774255227235,0.826203506818008,34.294673446423715,6.32994433959044,4.604091744406261,-0.38189441217612985,45.36948984739507
443,2.0746837748895803,23.23253216751136,22.717317312438112,0.23639243535051552,5.062339897099866,highway,30.434670668206856,24.264976684381427,1.5922099423974907,48.24142747695598,13.743964963584355,4.186736536233161,-1.4031009943776707,19.10805498649464
444,2.6305322975485823,63.938079662866485,17.466126692477093,0.4675872744208995,8.030659008398057,highway,31.960815952701335,47.16596246868913,2.93895207000329,28.600469535206535,7.325037748691014,5.0,-1.594547276124473,35.20381614922651
445,5.364999867676831,36.80819492318725,3.044786827244101,0.43453766919592085,-1.101491062038476,local,41.56494696533251,32.44680440136957,4.363734822144223,45.78392525013968,2.9244345076479337,5.0,0.6641952602101026,46.41048066128479
446,0.8831112411676129,37.725278106954526,22.50496661145033,0.5445687793839741,2.137382258825118,highway,18.93104813340661,35.0878753970661,0.861570199251841,41.01975871478779,11.126766478409252,3.983935823458384,0.2232069942456298,30.045418495543203
447,4.963831734625011,16.760610464559456,13.976883643633316,0.07951691054617353,5.815544722104572,local,23.30582071844446,22.07229238205575,3.6114869945392565,47.85361060939775,1.1653337907693797,4.089351854323364,-0.2563424691069613,30.57464750200205
448,1.738350174318731,55.59102675401662,8.000696806970115,0.22743601627225862,2.403755502371152,arterial,25.16621672599176,59.24061049047229,1.8035289848635232,42.373839346222226,2.151787369511422,4.511999084658728,-0.586094461581652,28.80183392842757
449,1.6349387335748886,38.732453297853525,9.531346713590363,0.22479383464836955,-4.115537165528298,arterial,25.769400405714016,30.27780286490083,1.8779531733930526,41.64439566849279,14.144580896924554,3.7891606347881925,0.1808327050376177,19.55199688324631
450,1.7667768498419576,39.43409415978929,17.409708248462838,0.36730668800678573,3.5519620157502945,arterial,26.472479007801194,34.80528170835581,0.45175175924644817,42.878568784342164,8.005515203813658,4.582110405056422,0.209723226734405,35.473801455507186
451,3.901608523875861,57.19698905338659,9.030543640466007,0.6142343441828776,-1.4258302271301466,arterial,36.74540898096147,50.122924903281245,2.909938634209884,35.81796976774258,4.362457362511842,4.245660462057665,0.47982980805014097,42.32825789649365
452,3.1204232971464063,14.953688786857768,13.889875178846568,0.3919154985935147,-2.447529096479048,arterial,17.00751327865528,17.256259484547673,1.7946447535058814,51.75963204412821,7.465937455993772,4.367237320269114,-1.1086669304350254,30.490350150879042
453,2.9415731996859034,44.9295442682245,17.051987919561718,0.3682422835801524,-4.047117968450283,local,33.18508349416315,41.95193422748024,3.0547877171715947,44.95643184142273,8.88357567776179,3.941052970020453,-1.7643055663760319,37.545694708155644
454,2.006857697287725,48.5529616869501,4.688999935343149,0.3765655656427724,6.166425526079882,highway,28.69277196445509,51.245056356005975,1.9373771759974971,43.023522190194626,9.764274625205028,3.845533489374179,-0.9135268787075458,28.53426981691973
455,1.3669042778681417,25.70417866457761,22.661795669821185,0.41038648669591893,-0.9214896165609918,local,23.074975259356304,5.529474753345102,1.1904444146928637,44.60129914900649,5.549223643087565,3.306540540338016,-1.3511288593291515,21.41806032180888
456,7.656198723550626,57.6722927855006,8.548146514449837,0.4177739568503216,3.166676630867552,local,52.85910747686645,51.94759641523646,6.787953620682508,41.69895212507246,6.117342921027608,4.868151403405935,-1.4029259345055816,67.46320935902082
457,2.3566006191468256,60.251566936309395,10.064994169845942,0.47584949319375563,4.02634050702791,highway,22.817421014069772,54.625708959032615,2.3792089055782157,32.307425480238805,8.471566914579562,4.6236508993711105,1.5697363493845953,34.86999635181295
458,1.219721709417911,45.502355922716305,16.764344828827696,0.3001848576217601,2.5663664643532,arterial,24.668991198870465,37.03039790659909,1.372030732085244,37.77899585442956,9.586635961905461,4.503011552816596,-2.2670019734591467,30.817598638140705
459,3.279930798313719,26.722184364295668,14.61084214530634,0.4740764269818249,3.0379977299089003,arterial,27.963237462098487,6.865788512182224,2.555475723431513,45.52398889349926,13.859668645559262,4.356746767895766,0.46970470980513906,36.63585493852075
460,4.280166559552303,36.58231845931411,10.562876086540301,0.09741452627660495,3.333668305898238,local,39.75435107741804,30.667997915001557,3.3436724605007404,48.01767721848772,6.188004067031392,3.1630975166513435,0.9069982145016658,43.72568151907499
461,5.516406836750678,34.02245907213502,15.593808967218994,0.22138776162401952,2.483341903258878,local,38.55937573159994,23.945164872484945,4.917569997046116,39.66988107733703,13.182964715635318,3.862004471240964,0.9874646340897538,50.38454038267427
462,5.3013812853053395,33.89036124217647,21.66787938172907,0.6972135388049387,-0.6605583001060835,local,39.57082850523004,40.55249492531606,4.6194552383750205,47.004401126291796,14.901663043839578,4.08476357086401,0.27723201730867947,49.904589617915846
463,1.9588431021278956,47.226946289699114,19.206806799490046,0.5640454689222538,-0.9726800675305625,arterial,29.111221847250505,42.76994393503936,3.411504571954561,39.48483679597385,5.415550620701119,3.7133941413713876,1.3199096957537233,31.559235965113636
464,2.4412132979778165,22.810622439602852,19.782216238914568,0.5367011952592085,1.6325645953842582,arterial,20.70264740990319,13.820635281202605,1.88997623028317,45.34847678325619,0.8956247197613032,3.4379151202789267,1.7833997309211826,32.165611368694
465,4.8543115630209375,42.716823026322004,6.201801805615511,0.40800222415772236,1.558425831828442,arterial,35.05643561455583,21.940784538807677,4.600612656410347,45.76017410917966,9.2633827204309,3.7601867178156105,-0.30223104909258514,49.35244618440804
466,1.9731052291189641,47.33994936455842,10.065680383143302,0.4447168818196397,3.502619063493012,express,26.02787046864668,44.373280735403284,2.1485358968335873,36.69789811224141,13.602891158745836,4.222114326868833,0.44747170028134353,31.867688707034795
467,1.8803636105877009,19.99930338134091,13.291659399697421,0.5306266544120625,5.855775235078059,highway,15.912584722250104,21.872452230345296,2.8127466820202844,57.08166029177332,1.2741401407137605,4.222229541683956,1.2757940823546503,21.115042679623002
468,1.9786382099291955,57.92215720961362,1.0605796598755903,0.3006111823100839,3.2036687619932165,local,27.004325115016968,47.72339567009679,1.131826715539368,36.31556331832661,3.3586727293906504,4.608385275271974,-0.8619592869284723,52.96734015002794
469,0.7065951295556947,47.48539100790626,18.47501232905579,0.29950902607062413,-0.8380930169100633,highway,29.82181602233662,44.58831073180957,1.7076538799134622,40.754731462411044,10.304181233806762,5.0,-0.24490790671092247,18.36989085681286
470,2.786937258368256,73.86598625564983,7.763122185962134,0.27696492117181193,-5.0,express,40.389727878391014,60.348194618059146,2.390327073074758,38.4578943452758,12.239966922381555,4.508592684044098,-0.6258215727793017,47.629060924812606
471,0.8333536058658565,63.1911077465857,6.782305872984343,0.5267629593617137,-0.6912802205776334,highway,26.826139434452024,61.18294851077498,2.7510944289963932,35.69286047162212,1.7562832493082912,4.121002642264294,0.46097797628754855,39.008401970589965
472,4.207701111749787,32.001371607469366,6.223008224547513,0.10261431771588535,-2.70571626534284,express,39.24641464987132,34.14995971674267,4.077012775955728,49.94983539599693,5.7741989745505,5.0,-1.8980992533346577,31.019766525203302
473,2.6051564352041896,66.0365914764715,6.801102370081546,0.4936413285097559,-0.5563027082627965,local,29.594980235758136,44.65862515518032,1.3614974882030766,26.38910603016313,3.9617087414849905,3.4881286074306446,1.4366269794641944,47.17194827288227
474,3.144803869219593,63.80422317732764,8.112355971787974,0.6508433309779708,2.8479694610282396,local,48.89496251479007,44.46724679314071,2.6725965441833255,32.78665822416191,14.490708423054567,3.264520605622393,0.5337965643506812,50.92402904263248
475,2.7486874605287865,24.7370730922861,14.51578939382782,0.19125338003043,2.2953667774353663,highway,21.465003965035997,35.245484189747884,3.5428342003385107,48.78330642594367,10.395798013087731,3.8009744653808877,0.5899411715000056,23.893543263789418
476,2.8369637662135845,20.19773160707874,14.005567725601516,0.23797691086829612,8.503621659283734,arterial,33.41875193340583,23.69344631620656,2.6185003131212077,52.79040388663342,7.396758261264079,4.565484351554236,-2.3633141511128586,34.38861716912318
477,2.9282123628885146,51.94908515909998,6.137082086445009,0.3971552279800218,3.690785432287651,express,41.588545746798665,35.32005535003505,2.587690800521979,41.6997502293536,13.004108196564582,4.275852113409935,-1.040139093699366,38.20062861088625
478,0.5,36.79767994610353,4.95418263775698,0.14591478219015686,8.682085491601457,express,7.308914465107533,20.28536768522765,1.0251977310941474,46.372994883520185,8.296103696497344,3.692254332508533,1.4904691702023807,35.02214412410228
479,4.1200419060769295,17.190846248621966,19.832596561712563,0.34298015023061523,4.502987913964743,local,36.37253621890517,16.06662377059952,3.4320395629351936,53.40101719437029,13.714344641362725,3.8728074590723023,-0.17740587041788758,33.93571277771078
480,1.2635892346944912,36.57226278008943,2.225360104232797,0.4129508295766897,5.799973601567622,arterial,19.377257813364952,23.090215619963086,0.9686437705986927,45.102498120451486,3.962721564419013,3.6413324247790713,-1.7240639127678392,35.94925561072986
481,1.5364518614785867,44.12357727782002,12.30774818882226,0.28980405175188334,0.7438420493266455,highway,20.230398349943112,35.288088970673066,0.6270670673854883,32.61058260599072,0.8964067705585854,3.6413212155462404,0.22162215787768266,29.02578936653547
482,6.687141981297448,35.86047437476285,12.493460980542626,0.43615690789820555,-1.7607824916525212,local,47.78541841860231,30.15044889134312,7.401484407940815,49.13835688182947,6.716707945002596,4.897975998638078,0.6791581038868931,53.69386951839708
483,6.074101550775624,29.511590892787765,13.779283363478918,0.5409571052799821,0.42864038219692135,express,36.49121587752973,24.451783536816592,4.488602372300036,41.71394852542931,3.4620200269761954,4.135454264062358,0.5314923801057907,51.445418076492096
484,0.9657629868129739,14.087129260991297,21.25560278177126,0.16501279621900297,1.9584566426270043,highway,15.780151298752875,19.85982784432005,1.0047600159424672,51.69833565872126,12.618100517130507,4.996311939743512,-0.15040521460614562,4.80631481959275
485,2.1821215471186495,16.55026421965387,14.973934562274422,0.44923778758261584,-0.19855609401757413,local,16.00282161678302,26.911018260584314,2.347817030872331,49.86046420360741,8.227392170953669,3.7994935296770427,1.1355635935633808,28.97417227038062
486,1.8461955476221024,20.566828499991722,23.36721038995256,0.2712073286749712,-1.5039984856479798,local,20.07401527398159,14.129379255167851,1.6506550969251226,48.47684726893194,4.685622587032502,4.421006255952643,-0.7020119858700076,21.420687771919358
487,4.122963035537026,40.837286662789865,20.91247400036946,0.36261657935099395,3.4589319234726585,arterial,41.0274325179361,26.797079516748703,2.7075764955914647,37.5994181049209,11.716821466418372,4.302187197142453,0.5400890323288279,40.645355379830015
488,1.6039933363241579,50.06122576307908,5.153766227693077,0.16752167013638364,-1.5188900816903832,express,26.00163770918029,45.273964983502246,0.6445827805228355,31.891815875464335,8.139838053981912,4.595856707849544,0.1350176434660388,26.256793059002526
489,4.356864694439491,36.368454754131506,5.788399445407228,0.37493830308323295,-3.3672218184148566,arterial,32.68268474989707,42.33354734211082,4.339191759680836,39.33007134120859,7.790523083056189,4.314546827166312,-0.13308634544967549,35.57866108845188
490,0.9682275711857325,67.63505775642159,8.274579261964094,0.3261597051585917,-1.927301398641585,local,28.574590856731106,54.66729299858084,0.24750136719023597,37.3621170117337,3.1214518314216235,4.643287526972612,-0.3789967448415764,31.90482485610803
491,4.583113759789153,33.04773363945909,9.396345961923151,0.3524181989312652,1.179755791078631,local,27.624203104364017,34.043085837639715,2.4671886058194668,38.59435606004305,14.930620900886261,4.449388925629408,-0.34359239337499764,43.79253561836649
492,8.943366516957763,22.872797297622604,13.271882887384692,0.2833939875645266,-1.468216877175831,arterial,47.49983074862938,13.58192855524038,8.358612523493267,44.05024895555215,10.055762030856668,3.70892764953823,0.03225341623343201,54.58798258416792
493,3.0888214830510012,49.54270693682335,5.580303189512132,0.3661354217222825,1.201685338385215,local,29.47841900590698,42.2602004730007,2.0819430307812765,41.0771036907067,12.894940753568283,4.529721643992326,-0.292720798356383,40.66022984175399
494,3.863681769259628,41.97405394294069,5.336284346730376,0.5293602430858009,4.101555068477235,local,38.201912275134916,27.544349875398492,3.9822890111898666,37.2393646314754,11.516118947377368,4.153605436165947,0.7330699118773136,49.05514059554515
495,2.9115842552083606,62.5932248033584,9.15335897683391,0.5005823261199288,4.010550664021728,express,36.404544004883256,53.28006550620937,2.4591287911080966,33.04867514776233,7.792541012709115,3.850476189378228,-0.5359853162439544,46.4453386714316
496,1.5269816202955326,68.68000249596442,16.12855471710605,0.5404061134117736,-0.3128906818125885,local,32.35888068000765,57.56281727056055,1.1744335954549365,33.6424730886675,0.6411080100145932,4.512289999515366,1.5682909973398018,44.26881018738114
497,1.9320140475939567,68.84103680998128,16.51501471430852,0.38924196004374656,-2.5637955546363234,express,30.648388368035253,62.771741582618624,1.7806031892482206,34.699775993438756,10.166717926228076,4.61470134651325,-0.5806685184947495,55.49596342956387
498,3.9918954736208887,40.21856601543167,23.42680176096695,0.3009243926235975,-0.014682128022225793,highway,29.375737887794127,46.63221237394358,2.681911262210495,38.14367761740941,1.9607925385237606,3.982395676061099,0.9200807810436091,40.492941070278675
499,6.657737408635583,40.32977572712973,4.857970414123537,0.07712765973079615,4.294756834242426,arterial,51.65859198032932,31.55804142169486,5.331601197693936,43.3105836287242,14.441243008196517,4.042245786763491,0.9632168660961967,63.150855750798485
500,5.091161053485341,47.21270817343747,9.428619644567537,0.270119354060751,5.112186801655989,arterial,36.15865003680573,26.132697916002005,4.374105709133077,41.89136785130207,4.114341972584914,3.5757958644069014,0.16586216533927917,45.97855844198826
501,3.7470902657103453,29.31046973904855,23.15225995053745,0.4762847797940401,3.2351147236167357,local,32.78682818578654,23.49917205393423,2.456906899322855,40.161487422569145,5.8263279275574,3.3878727924734537,0.07675998023628072,40.52813956290383
502,2.4613019166046457,72.00479344503131,16.560209823973253,0.6609520006302539,6.205026178483971,arterial,34.66114992001032,63.29929779269562,2.7862258525134957,32.936029869453414,8.49761187129834,4.090961266331538,-0.7289670157091893,45.71136391299568
503,2.1442043785733684,33.56420180360635,14.21468459572846,0.49836598564176765,8.052207418667805,arterial,27.33983986375567,29.942872150862563,1.6838807563255593,41.06767456865588,7.787909762036146,4.556424516966397,-0.5170714496429423,31.78991221827986
504,1.6268653691223949,35.15825140605246,12.951505233632325,0.10175427893528563,0.3087022515466522,local,17.537045938974067,28.782554023147796,0.3046295508894299,44.744676743058,9.99964515919677,3.9420304375169506,0.21978359612959653,24.355872273422882
505,2.244911121997975,40.8391811421523,1.8122491232701572,0.14208795417245712,7.202971388952715,arterial,30.060545475561927,45.12730855640391,1.5731968267669545,45.35638576103798,11.859990477805134,4.842507148746071,-0.04513559866774261,47.88259029971594
506,3.5279928099806326,46.19317972135343,21.44097141158185,0.25788137598879646,1.088076677228897,local,39.219263642734276,40.21770454222512,3.2561555809200957,39.92124724914704,11.485837477925513,4.107716703675677,1.183084175990723,38.84887131688029
507,3.7227119951034133,13.56901838402571,15.012125169962584,0.6683813497168708,5.569470440410224,local,33.035910183517224,10.800091770585585,2.9935684327835625,53.24619344927477,13.66724121000731,4.109545803694417,-0.4545897937486551,35.582611689520675
508,2.896857180768938,49.03052535082168,13.720017790272816,0.10391270938675053,4.480003640354667,arterial,30.130263067442982,36.23200366038162,2.927024171808595,43.2462729129414,7.313788909587033,4.069908730258282,-0.39406446095013603,30.448340691754126
509,1.5152365943972672,30.68198330295201,12.948008239724222,0.4066714380390489,-4.919704467384185,arterial,18.426331961113966,13.852710996120834,1.822942014567651,48.613382514074274,8.245503341375102,4.641716658208959,-1.6647306071638892,28.66058949134628
510,0.9263579163349089,27.219619253738472,9.405940975706681,0.3053526154610186,-1.3817949722437657,local,30.794248855932445,25.441299919903262,2.75508234546391,47.83584875236175,13.17411947007638,3.7684902433633467,0.6435278637156595,20.116717712344652
511,2.326632230351875,37.47360786838788,6.111952592661426,0.3576498893180757,-2.2745077070862534,local,20.544165490409306,33.570491987201194,3.014484368405268,47.44568542260511,4.59380126553446,4.1419679247034855,0.5532188219439343,37.80995113010079
512,6.105863513145685,38.49751769213775,18.127727648027623,0.4678602717069951,-4.237164610690607,local,47.69128881856154,25.30757629381987,4.186180886340447,44.05540536306566,4.065842670262722,3.953682621246116,0.9770818959932174,42.67553975627193
513,2.844713032921169,40.93578458488005,12.22962042627989,0.14908315230132696,5.077602441884796,arterial,29.21642145870863,34.48481038028532,2.272055741630113,35.752056854560166,0.6322908548648589,3.9472943827462452,1.033436269602704,34.35104535018119
514,4.006603688125242,26.73342850969269,0.8145487749412874,0.20084242076323996,9.24070149292023,arterial,29.602595761618574,21.716454198548988,3.392630285354345,43.410003978526746,11.207967586051968,4.21581945501525,0.7889465394517485,26.82541052983643
515,0.5,42.610462226159115,9.578267994531918,0.380045002239368,1.0981462335533136,local,19.450341399621923,31.847389221371017,0.9100567379397113,40.611743061269706,10.469992060818893,4.149004519148066,0.831115949968102,26.051567043612952
516,2.2324127684124675,42.005156372987315,22.28648731734798,0.30781202042499944,4.989548328782327,arterial,23.2749754452318,30.151207924994583,1.2623026350098518,41.43393684972225,4.512444631987749,4.67325208439431,0.610068762860433,32.55971103167591
517,1.6261533703087865,65.39984090606308,8.973469476980709,0.5352484590362254,7.196188611917605,highway,31.51717517713078,58.4254364678876,1.0385363019192368,35.740505847092095,2.383774336485404,4.195151609910061,0.7640933160181423,36.790299317558095
518,3.096472399941422,37.5046240348262,9.91759219021377,0.2707150191553282,2.729160950639659,arterial,30.122840612975143,30.298248518749816,1.7912956592198221,39.97937525060137,1.1166984050234232,4.449752585242052,-1.8419617121438558,33.10403968686775
519,1.4811653373330083,14.941572488129363,14.975066953320855,0.6563454328811549,1.9114042727973608,arterial,31.622383244418636,8.563381474915648,0.8512362248065009,57.239672205996555,7.574011874356734,4.277739815952751,-1.0997907117568984,30.638653733365445
520,4.276964096187558,51.63890789779566,19.240195291581173,0.38851664465074404,1.1400922529026771,arterial,42.90359246903158,37.86136753296799,3.39729524876714,38.32146110344655,3.3054931836362007,4.831691550094257,-1.2631940246292188,58.39600153580289
521,3.8375796828034545,82.0241595187297,16.04306682491309,0.5690087972719298,3.881456087717408,express,45.73888151372776,68.8106401305825,3.2034170642379958,29.223983365605875,12.004258274877298,4.063926764061135,1.270173010952802,59.87245773024439
522,1.0109436245301793,34.69118348562038,20.401313546950718,0.18104199277055616,5.061429175114032,highway,20.964311307623202,35.95889094486571,-0.03936092745864428,41.54756454023527,14.275489071250751,4.06519287289462,-0.7829595573922167,29.435795016238668
523,2.4125884683375496,38.91715934657216,2.735294088976759,0.21945014284552333,3.6163171711371325,local,34.71336215547119,34.52606596408072,2.956950213024509,38.87244486961757,11.7644617687287,4.535267364499419,-0.6228621813423025,35.20518474219845
524,7.08928970456147,24.320419214419665,22.190221279647574,0.4322895526488707,3.4961207653590343,local,39.56161083724193,19.01250217843426,6.758131824372031,46.33408244810104,12.848133204424565,4.0577987211633975,0.006657266589861463,49.4270639167108
525,1.4690720307805463,28.89693769927732,21.694126377873264,0.2896841230262788,1.8207898457721579,local,18.50290732867601,26.721830016364667,0.16310100953093154,45.8617533409222,14.866488477787035,4.424276258134596,-1.2436794471208619,31.21588299532792
526,1.010139950923302,35.10026691864148,12.459566078054108,0.3471368770055703,-3.575340837754718,express,9.467678747890197,39.38592198351846,0.9299043071649142,43.428029784415024,11.241751496018592,5.0,0.38054477934070446,22.337194824096837
527,0.7586231932562533,23.749696458746264,14.993813706892826,0.8301090317957058,5.142007360648089,local,20.583151960365353,23.62014023619525,-0.5694430298634113,52.835496770934526,8.726193175337462,3.7594713017850387,-2.1303902027093113,20.56482110509122
528,2.42462075768671,50.028864107961795,5.107513204833642,0.4000961671853626,-2.4961879186519678,highway,33.1584931019901,44.34594136277753,3.255963262739345,38.68591102772941,12.245162829920146,4.889251709874764,-1.1774896769240053,39.15374601583446
529,13.343382722953073,28.678088879916103,10.750738511553333,0.3009937937923449,4.167849747300375,local,67.88137051465792,28.84608207774788,13.30033114918307,45.45086865068967,8.675849157375517,3.978507017260283,0.19881618802038667,83.51478462706336
530,2.4947589969147947,34.97780270773962,4.864880662075496,0.4721184514711498,4.64507827497534,arterial,33.45752442917856,28.625036145922323,2.200693262112479,46.82360419864597,6.771468766502598,4.801955397454838,-1.2416362327671189,42.41792273728972
531,2.4396892521101967,40.07840613413364,0.5274402945844683,0.40733711185699717,-1.9915123657175426,local,23.23813658016634,35.35511995940025,1.513604193015443,41.47754062032911,0.9713222147898366,4.50872063485159,1.2991131036370316,32.77873775301173
532,1.9973609720261498,22.116564023316798,23.54167363504926,0.43350047565260597,-0.1273027671180409,arterial,19.308930292427583,15.37639145266386,1.2662094127470738,49.65538611662322,9.823215698541786,4.470147446691981,0.04627943863364253,27.892806426411422
533,4.591459918302803,52.2736634978224,6.219516377044922,0.2670348751632061,9.425160929864106,arterial,39.09477955579973,33.57874072380032,3.7693202606518788,33.66765224695342,13.514011478087319,4.132066583777496,1.1320701325616331,43.080899463753425
534,1.3409325841231479,29.3350603363373,14.234599413548047,0.24157208756784618,1.7218121674571645,express,26.66675215418668,27.33465225259811,1.1213775369711536,40.631759639565836,10.550696490105606,4.087273528804573,0.35791665085309543,21.297726662591565
535,0.9020755542605863,56.226599734158796,7.206009204908713,0.20966046298909197,-2.270747864020816,arterial,18.186505160228542,50.21937036508373,1.9082437167595898,38.20093341159653,6.360120997654182,3.8750965889812936,-0.011929769942344924,33.47254904491909
536,5.542832203361361,73.35788526344328,8.894918885050437,0.2876500238562963,4.803077338995642,arterial,48.97596541919355,60.340211766035,5.753030431272477,31.490864030967025,9.44504116979649,4.202824218673414,-0.9965621549543237,58.828142808466964
537,1.93246083020713,24.139585719173425,9.546277405974596,0.34230152812335407,-0.7043632195061336,express,24.59247900872912,27.769395341509775,2.5160183501736935,43.837422101749056,12.287864514483038,4.11723984918119,0.9291462482991913,24.372751421051888
538,1.8847098112033036,80.53954534016638,8.041121551794184,0.5418078975904785,-4.7218340785893345,highway,36.75128443160129,63.40739029311,1.8327014466212521,30.241927538869056,11.581481953013322,4.28595821390044,0.4412546590052925,46.946509738800195
539,1.0519169765691478,24.912888982253158,15.297594224158459,0.5765691908591227,3.819193418162634,express,21.12431309028599,8.776264751862378,0.023835899758859913,47.20939530030572,7.622087466881471,3.5652052043079134,2.0846479025555773,20.011648805762515
540,5.173106747200086,51.08096542878879,23.062470491726547,0.03982485220223296,-1.2081623552409497,express,43.52341812861479,38.5390096934841,4.039750704774775,36.75647315827283,5.744315702039203,4.210190303921496,0.8284003679211955,50.515766014139636
541,1.4093538257524252,50.04838655611053,10.287231600149592,0.07605433375084,3.1241591977785337,arterial,19.95939530395882,31.754553454830045,1.3169954536991273,37.75819206804812,6.254524735014868,4.768193843518988,-0.3974029762855181,29.653719343701518
542,7.171875047346186,22.724978014178724,23.359841377302363,0.09116826953727802,-0.8444151333582748,highway,51.16767315801517,21.682485800486642,5.493807465136293,48.86663625444339,13.664682613716867,4.624821840607532,0.289421572851065,42.43347729880462
543,3.0267324928616595,36.0970481983627,16.027133696274795,0.5925655693211981,4.475214679943896,arterial,28.968727677261118,25.417945880668952,2.967245604017179,38.901440596570275,2.962878322019107,4.2103507993830025,0.4221379773576923,30.93889317562818
544,2.425913783317302,21.21441668850749,14.571268680504216,0.4243179585917475,2.642244136120775,highway,21.48613247444622,24.92507853270181,2.8274212221138506,45.37090760649753,13.013204087183626,5.0,1.1629582962344989,26.50382184022538
545,0.6407652752551024,32.75460352532229,5.690492443174152,0.31146909631400155,-5.0,express,23.38492950235764,34.588004614440166,1.0129650612962522,46.686421312009976,3.3316138743861092,3.940191012785704,1.3218699603595085,16.73447880653034
546,5.657439066991564,57.10862337741243,1.5100969415851395,0.24731254070397213,3.337043892466058,local,41.10610131362778,42.06751121813365,5.495846738627074,37.27744378539894,14.722901372599452,4.160997580731613,-0.16197529826041573,60.37625443478982
547,6.680586345211911,26.878733716153924,20.44643448700389,0.39059767943181734,0.9859403504936346,local,44.530339321661664,17.190175615943634,4.5195015907256,44.246373150466674,7.000972565262939,3.547268251363435,-1.2155210784742203,43.3470829874761
548,2.811088842607548,39.85141939399318,13.775545534662456,0.2195197843392039,6.958511747667818,express,23.9006378601323,37.61478405367977,3.59666459568367,38.993257337195416,11.134741608723857,4.018364109775826,-1.8538386190781861,33.70416520830889
549,2.131814089653358,37.27176994154139,9.945932698197165,0.11214565773226874,3.3832274715554798,arterial,35.94986015646565,38.53988292044612,0.6647244166624109,39.54133229498345,11.075929329368304,5.0,-1.1395494597190248,19.752403772105907
550,3.1526010326626395,53.95177347619099,19.4872157301236,0.729282319273081,4.646552453135554,arterial,46.245778991743244,31.770663173400443,2.715141558319717,36.82888139271467,11.701700269199149,4.035533468001214,-0.5917764457722258,51.33322600231372
551,4.955511378591422,73.95800862375008,7.453929181855651,0.406454922189033,-0.4868928035732374,highway,45.051632804648854,64.83600342039448,4.954795075761139,40.1029376614429,11.946239945121443,3.5124759630797886,1.504335369490408,54.483674081212236
552,3.405203714486406,66.28764175778629,18.806814143147694,0.2623316652452893,-0.7652371278628718,arterial,38.81764209563092,40.96136134421549,3.3515613638256236,36.85219071180513,1.066583616713296,4.592399497482587,1.5195054888578603,50.208678937352744
553,3.2045736817329833,76.94022916842738,7.871132049739128,0.3429782835562148,1.9102273412880222,local,38.08832242787043,61.55958202387194,1.861847251922916,25.90051771078035,4.463348268209511,4.375144608993951,0.9601600541549278,51.983524977158865
554,3.5964416945327806,19.657716515156277,22.101148473699926,0.4742797330251399,0.7378435562215273,arterial,26.1370864818156,24.364656693156455,2.358137026756546,50.98299024899866,3.830787570336014,4.5737907297113924,1.2303988738119769,28.403338064958692
555,1.1734795503185742,61.16148916327262,6.4312049869632615,0.4282374722461401,6.683031682735286,local,26.475530449113588,73.05565672271726,1.2857888932121422,32.7595318749355,10.62960180769042,4.0663270147907085,-0.7073927356328455,38.41461452329774
556,3.919234937900308,39.678112549566215,3.3012988217897075,0.19759479184840611,1.4633832944683536,arterial,32.150708764585694,32.05462882808851,3.93598745512587,42.681947145006795,10.408103097881492,3.7467942609289406,-1.5153157720515884,39.83268926057248
557,1.8234570687085638,50.97186728940035,16.754321000385886,0.2942519283272448,-2.286876124943049,highway,18.287290217333016,34.59627604739998,0.7553482861474452,36.76449353859034,4.806985520517422,4.117369513604,-1.0065285463614138,32.300991433216204
558,1.8684721621858689,15.242728479987925,3.9083340735544985,0.5692243693404206,-0.8965331979103124,local,20.922763449963806,9.361873987084271,1.9956990571392632,57.37975196881879,12.006358034423062,4.44968024387305,-2.0348185675937995,28.20456156888923
559,0.562069138206933,38.21578883974748,22.784713206935656,0.3815155124478273,5.3776787961490164,express,17.632897866351563,32.94590833006749,-0.7063565593690116,38.23580067632045,5.01849833539891,4.16745287696548,-1.113955251735491,18.12070079391316
560,1.6983654422067351,27.71976624181819,15.733322697332785,0.41667597358387354,1.414599295079756,express,22.385375214217362,18.870112628773327,2.0280403038290937,47.10516720482864,5.472560697143679,4.374579827976975,-0.5059469763754163,32.99939854335214
561,1.6026667389270384,45.92703612182337,5.5406558708286235,0.20651788367729146,1.2275088121758353,local,22.960948801536862,32.56421497169123,0.7353266076207102,38.067558179093396,6.283337466358984,3.958431770470843,0.16670368274229586,34.38417128703369
562,2.2451003719237623,40.63886346055024,5.01165442285029,0.09675521896146187,5.710656492262286,express,22.72558091239257,31.5550838961613,2.08500110106595,45.57014284141835,11.296550785619337,4.391293438018951,0.13545725098508216,24.9126988416152
563,8.119886333670342,24.645051185435978,22.17300093889012,0.26036298028481003,-1.2016711610293962,express,52.637764965115,23.717334371197275,7.237979546466904,48.25957396405107,0.6707800057645796,4.198643727917881,-0.6896366275086989,51.024876657989566
564,4.6548240370723795,25.03423441849646,14.588589908397381,0.33069839871404644,-5.0,arterial,35.773403751007194,20.093236682327568,5.117867495694156,51.84654346163107,13.643746143184524,3.8823567377145567,0.5689479384174226,38.61637443035592
565,2.0824421950464695,33.439978770488835,21.449664160138,0.43865760961790634,-0.9850332622482476,local,30.90130975498463,22.252762354264277,2.0679019985020926,46.96316232824091,10.534796574714411,4.262977569790579,-0.6704396844045182,31.837420664042828
566,0.9264493122407224,47.77631403431613,2.645404916299805,0.3063135328681056,2.8473118099121946,local,23.685027479334984,35.91942943136815,0.3545228973042375,37.28034324847491,9.00567650703066,4.0259885343248625,0.010044700640571811,30.602487296411947
567,1.835778718560686,28.17174939774231,22.209412693900227,0.05324908029414312,1.1267096788166868,arterial,18.737001743421445,21.048977140387937,1.9398750111399568,58.10678733022273,3.9413088249905366,4.477724010545338,-1.10998224211312,28.953420754196035
568,5.354781636941126,43.23296873529089,12.48118348785812,0.3973127139609819,-3.4615036702955146,local,43.67817668872615,29.75203864190774,6.533234064623795,43.45718848609506,11.889943110989295,4.5929206100545255,1.0886673120443824,79.90102754522118
569,4.8101922830133805,55.495389139448136,16.04212599195241,0.4288919298405622,5.556208359730428,local,31.096244737246753,42.22106579381656,4.921271391741511,35.29095160317038,13.15542812911964,4.425692006198418,0.02083462543585792,42.775987395485416
570,2.301591532200612,67.12256115018872,8.949011316990735,0.2393273505825224,2.57223931129557,highway,41.839161544510816,61.55962898188659,2.024098767993595,35.20673852516323,7.772427441309032,3.464255664806648,0.6788250159673933,46.430025513223526
571,2.2462297669439044,40.61512579059495,1.4193677281398287,0.3735761119999315,3.361551431497222,express,27.283142904065954,32.910610193427274,1.354716413179133,44.59164454589882,4.740681951669693,3.765853160806788,-1.2161933871197623,30.830071349024358
572,0.5,18.796049173537348,22.9913385922039,0.7044832888465463,3.4686359092417955,express,25.829826733039717,3.7022330839186175,-0.0431932004861727,50.32339658598665,6.018023807278016,3.913540410101876,0.17442417121508366,20.960015208360304
573,1.4622655902496549,36.98785125398742,23.870359898603567,0.5473678400634473,-2.5448348604746327,highway,18.10763633391475,38.61431445934413,1.8600333685328736,44.79302133414399,6.535639682786759,3.841658680051157,0.5723337246888593,32.00072905541596
574,3.5726234682094034,57.09808830190862,8.74912437025063,0.6646877448538071,3.0600762075032177,local,31.37359684456093,51.45041379511783,2.5067190635311243,40.407126635405284,4.935773023236615,3.9557188612522594,-2.043867312168692,53.68697780218963
575,1.6672366456958991,21.26851253733621,22.652830314047513,0.19290547447549916,5.1760882412070215,local,19.975331499544584,8.396304910505393,1.5026639899896175,51.706319328258665,10.826733494852586,4.616361813330376,1.1680970016033507,28.984638224478225
576,4.389105526065243,23.50643686503642,4.025430983077541,0.4055129225124236,5.99108580629729,arterial,33.76262930399702,17.42281829248368,5.100290103330248,43.74677843051983,5.461527464836985,4.514394497342495,-1.2494245841112377,44.77381613625423
577,4.217992746507683,41.50847575786131,3.7124267918058127,0.06484492490187604,4.524421637545334,arterial,35.12828052270816,29.737512590777598,3.916507386275838,50.849983838866805,12.40764953206469,4.009266901618517,0.21090021545683055,36.748459389871705
578,1.4397887506307556,55.53021903948428,1.7546841602201155,0.2798591861092326,3.795953805072087,local,26.024124513323507,51.93902614711906,0.43250444252973497,45.65676718613711,7.223520078916215,4.466307146996241,1.7877029180799462,30.305843753662167
579,2.426289686011182,40.14181564600641,9.390465782019618,0.3242543020304441,-4.080974426696449,express,23.230188734692,31.518977716771857,3.9259389995481517,45.51280628309667,9.61992261458717,4.347978923609467,0.9549030123356813,37.3222693472993
580,5.626718537047889,44.6632703802238,1.2552540043583802,0.38995270048442987,1.9477287152788534,local,34.66913743239429,37.4543664859885,6.474005321699829,40.97590035516648,14.245308614010217,4.185213535048264,-1.4899379195042595,42.45996111020839
581,0.6269331813313462,64.6692147529579,9.471772550709522,0.43711517349262663,-1.3480102230275621,arterial,25.64975521235836,53.64447160111841,0.9651811099014858,34.94854875797294,6.967778234163303,4.716701116172265,-0.17803510258060412,39.07524455985065
582,1.6956537498725577,46.680833793846126,3.3213702875920372,0.3922276286700303,6.487587586812254,arterial,18.448403450930904,29.31776701669146,2.5466927039565714,38.916237025327526,2.9700200071694054,3.9024166616594664,1.233429756732715,39.436121535904284
583,0.6393729129575547,47.42263075455263,17.532667093750977,0.2861573875430178,5.956328223319675,arterial,12.855912323332028,50.147009317069816,0.3618518767543545,39.42335909870221,8.47387363850176,4.22374179176854,-0.8167750158266772,30.757462862189104
584,4.224547398788333,20.064981071107223,20.000703584073793,0.2536686282378967,-1.3268508375206767,local,27.789943279039385,21.691544310725774,4.38165624104186,39.726030762599876,7.7017951314150075,3.727112953949069,-0.35987974211178314,37.661901794210564
585,6.68275368021858,55.7602205369427,16.507570267110914,0.3808149242307278,1.839076357028946,local,51.397009626906566,42.16450224905222,5.675646468052121,43.631357802107395,11.8474578599935,3.748681745346067,-0.38788238637446554,59.70311667508497
586,1.6952144189359177,38.191167371804326,4.811859658467741,0.32560906654529986,2.8697830522748746,express,32.59736322601655,33.805525713001074,0.4413609530783622,47.60124622188339,12.972892217785965,3.587655738800623,0.5700389257224535,29.828629875164367
587,2.712105494369143,49.475109729700975,18.404356629790936,0.8863440800372729,5.152769401211618,highway,37.4170157816507,48.87266867417755,4.514433033604771,31.67803175128553,10.832986660608881,3.756364281990945,-1.5369914283307409,37.63608561260837
588,6.190866740899757,54.852489783498555,5.988004728798599,0.5060231819614686,-3.8646638745360864,arterial,54.622651931871346,47.01480340527691,4.446549613511139,41.09215836050528,14.586093252383723,4.237395252519969,0.626110217557537,54.78094017358683
589,0.5074122917080028,65.27932943945652,18.22772632724466,0.2937823669770247,-5.0,local,26.382028061966928,66.38470933021468,0.6947175673835285,34.79777800268128,4.403322844198666,4.063882119341133,-0.6227991789061939,36.41488924598667
590,2.4926187315477963,14.421797834844984,13.61754179751338,0.43009264487928994,2.133519787942875,arterial,23.37431163474609,32.683484053042875,2.4720582065355536,49.017090802525246,3.9683356213273844,4.0785579193170385,-0.011337004714896822,19.099374401384743
591,2.996530296045351,64.2478251246857,8.801100390989033,0.14439065158268094,-5.0,local,45.8698126918288,53.727799204603166,3.1096817337924305,37.40823719368523,4.723658751459286,4.06537659681366,-0.2248712870908689,48.695965861466654
592,3.953772391945082,35.36860788722094,2.0038170723853845,0.29708557206744285,2.555003434342225,local,25.444219289816726,25.985608502851747,3.486647739797096,36.82409773235037,10.228155695163876,4.997734181276435,0.5997668408069873,27.242565107926225
593,7.533122963280178,32.153512773401964,19.860228235368616,0.17329036035901568,4.0727272075395975,local,44.77312636473309,20.404621093246597,6.7164107923696745,44.9623687185102,3.871844722196805,3.688268933041292,-0.02104015415869843,55.26202943123351
594,0.6563514692176177,42.729242906738506,22.55167009915741,0.32905700523865944,6.326279679147206,local,17.323401229242986,20.824834109060713,0.7014457090081172,41.841037824694595,1.782052649709326,3.6401580061204184,1.440434442289613,31.718638720902987
595,2.8940011242364467,53.383048058556476,15.9820267200153,0.3494704167279099,-0.1789888793959742,local,35.98241282237759,54.112606209920514,2.98849579688543,38.60794060724197,14.67697166207964,3.8195598333419545,0.9894290622144151,39.031038073571615
596,2.0167085025901192,28.133733196143037,23.14899760064253,0.41577967704338104,2.564135761473047,local,17.449624161593473,21.439216546278608,1.8135845631869232,40.25836309358122,5.061856063502759,4.167647324409755,-0.7953226974445985,23.85167083823421
597,1.8514540352746465,26.82005678301553,22.418674057031787,0.4055990500244258,4.280284438811135,express,25.077098939004458,28.924538497853668,1.611619715087265,47.93044872254917,3.7247228016510396,4.431647090664175,1.3652977661621113,22.713363941956715
598,3.7086371802713596,50.28614476009848,4.670601619290087,0.04480678451786437,-2.1150200294502515,arterial,35.87410223987912,50.27838824230545,2.2808855078927235,44.063802987183074,5.701860532414404,4.4783644262484605,0.3194062551291095,43.33194675857021
599,1.8882820458447067,48.24742657787294,17.549096366357123,0.19383022577293746,5.2037172921305945,arterial,29.1475913570319,33.44352098167485,3.310399817018139,41.76743743143865,2.7971645743323283,4.625087242366405,0.16988334632839508,36.05950607497554
600,1.0384489748942587,71.70614822716878,8.383315666504668,0.3455593569421601,2.9601981382967746,local,31.152285015937583,54.43452662987713,1.3631633968467258,31.880285173251945,1.0186333041453839,4.151292510281014,0.8482090520772465,37.99887550560259
601,0.9143633286786578,31.63312243083042,11.700416653575024,0.3591005994403711,-0.11906215747033544,express,25.561023094201488,39.100962292358886,0.990052404854116,55.548024483547536,4.9280617298505245,4.021655496041938,-1.0411486150546716,21.893246473684737
602,1.533694085486217,17.123046731743827,3.767170347572298,0.2538611873961045,2.494832002789587,local,16.691952287965265,14.06413367342704,0.8807508414659073,45.6570644633169,5.3990125686230055,4.935057312728537,-1.3794382720051797,24.316927410184526
603,2.0762784669573584,34.65430084053904,23.39470627338366,0.3084132249295462,1.5123293018709123,local,26.16005495833224,24.834142954627254,1.065759265981747,47.08068849986221,12.259735450114553,2.947106230374065,0.024941466846518455,32.97053324079518
604,3.134143268781594,53.28857989079111,17.427297193833805,0.3431217469870039,4.730258825867526,arterial,28.85999459261169,37.979079842842935,3.5087181003414636,39.30027736151142,6.816733104431517,4.228241560099867,-0.6063018370462037,37.74384841041953
605,1.0853169293859426,57.65593095140356,6.405799431143235,0.30544620633772057,0.7383896844857358,express,19.271486971896294,48.01735084588525,0.8488953283797183,45.14158010059725,11.182908004999911,4.393503125022274,2.07371857157332,31.67260552222214
606,2.764034773209784,72.28098020052765,8.915320564032804,0.3765626748927685,2.7948167268260082,express,44.046929421041966,71.99409411729644,2.984482963547121,34.109579853715005,11.167832835991952,5.0,-0.764322814214814,51.62155766198882
607,1.5300247233294857,27.132771382383496,10.139590243890826,0.02814627402530539,-0.17326066353659453,arterial,13.934458392448207,27.860921547367855,0.29530214403561716,49.20849701721459,11.940385137693974,3.4527452226651394,0.04024734789643347,24.286086037510657
608,1.2619647502955236,52.42021188683117,17.940809379452165,0.6620246110003603,-1.282449935421064,local,28.727971431198956,45.82951652798205,2.3732521504472768,39.97275513820696,13.818378823908036,4.010938062706789,0.1919644729574794,40.49557018607292
609,0.6551791671571572,9.588345512636288,22.216734402470028,0.19619269318811533,2.60036477168447,local,13.693919728465179,19.269740290878183,1.3107631987689912,47.497820844401936,7.730154348846754,3.5890754094997237,1.231274159613204,24.798743153746972
610,1.9617872062462087,61.90019511536081,7.714563191629719,0.30306334022833914,-1.138686834564993,arterial,34.83630652631537,62.38559200285023,1.700758331409874,32.3482929714396,2.007322822960499,3.3907756345906783,-0.994561022044537,41.40217682501188
611,5.190147719173178,43.074345220097385,11.34000211873007,0.5792739745109413,4.802031020070881,local,32.437387314260036,38.95204891214045,5.045233281994187,39.81647697842619,1.0606126703470586,4.10796343831811,-1.6120653989685307,46.924083512861124
612,5.0920402562446,26.999263383026154,14.236981748032829,0.15112369789142313,4.072813862619933,local,39.06567254955448,42.382211478325175,5.175639718247993,50.42750485922612,3.2101882934581107,4.574892190925584,1.3944348071696824,37.117312622579384
613,3.7835636114209197,50.43603532165275,9.440255817607575,0.13861352015021056,-0.677900597203605,local,33.52487159083281,41.13866793425028,2.3356228099472514,40.524349317968884,12.523568879272569,4.742686314748996,0.08051888414133908,43.88083211731491
614,3.213512813844457,15.068387417264866,12.100351760776444,0.4015790082091046,2.748231511556138,highway,21.78420234283183,20.494328784789488,4.234423045570347,48.849386211642766,8.828067735956495,3.960657236573592,0.8097425226335472,17.876539773432523
615,1.4213510519241814,38.739527456530595,2.536983096482448,0.20555680992686218,-0.6939496511690582,local,19.692472264927904,30.177622102756114,1.6658247451981367,48.45582734764844,2.531714542576106,4.499936808239215,0.8566972370046712,27.18515785820084
616,3.3024033856606363,38.93661373706997,4.024185305283986,0.32121921466472936,-3.615094820305866,local,35.21682026615692,39.41606073144543,2.4088812170684095,34.74685840630112,2.4232254501965356,4.1110265857506105,1.0300085757656792,40.52817963193823
617,0.8574090729106452,50.38021893831281,9.626430173283477,0.28050503499537693,-0.0902880860646289,highway,25.00071675612897,41.08447581261245,-0.10560515971206863,34.14164372787125,13.426792600059697,4.450458200605134,-0.37786346834502943,31.972719376038935
618,1.883382440793515,36.633915531552056,21.95853628249326,0.4920081515387688,1.8238910975455136,express,23.35510586817861,34.3684064132384,2.4847223898214015,33.039409857204646,8.040440215959933,4.719513861446651,-0.6489351563696003,20.735456787569774
619,1.666110387703701,79.53633399116016,8.384593097871207,0.21314682167350535,3.824930537197367,arterial,25.365687010743017,84.33683526166399,1.668426706714935,35.5460481789452,2.9925160334479695,4.112596302292837,-1.9962570359473717,47.086803114957206
620,7.306215558980346,60.41409190714054,5.995027406520327,0.45108271494752694,2.5231797566461864,arterial,48.08176082516191,58.01494073073838,6.9616747254279865,35.5867024196706,13.50284041559365,4.684638472091253,-0.9949014358070649,64.16939784967289
621,5.869238043251925,51.3291839322487,17.82869330038262,0.4423635519267146,5.1768611525988,local,48.680960218985255,46.96769413124035,5.303645882571756,42.58168483124313,10.95054402745464,3.6541377204655445,0.062151091768366494,57.1854598511397
622,0.9667481749170201,45.208706463810714,22.779123985838623,0.22005262440569592,-1.4340815999580094,express,14.00783320292146,33.00448094899037,0.06787840608447682,40.560249479915896,7.427646299654624,4.495429732636066,-0.7013962436992836,24.553668701408235
623,4.456775198076976,27.09813419351859,11.01896680952514,0.02859072290606759,0.6815556423074407,local,30.569259087229277,24.351014996013383,4.417991910211772,50.90611297024013,7.243448832385102,4.665152972754818,-1.1409008621810646,36.12790930001576
624,2.353323992550833,24.73162443351835,0.20651893361239448,0.14217490323442591,7.755283456182139,highway,35.14715049492443,13.965863257468978,1.9599634819753848,46.78915359877937,10.253450990291688,4.618594142980404,0.05042155955382021,37.44352787399396
625,0.5,63.27313433801568,16.515583955414833,0.13541794985436775,-4.758780185327886,local,24.144983495485768,59.99099862497255,0.43264709880548824,37.386869499278106,5.4054833338077115,3.6667404094539764,1.342942043361723,39.83996786152605
626,0.5326917107715693,25.03971812802275,9.961459238787477,0.43746107424136016,0.41815992925901946,arterial,18.80440207781889,27.31690388664822,2.381024704258874,47.66721637635553,14.99869737356055,4.107385050252592,-0.05601583916568041,32.25145805846583
627,5.8469252180601226,61.856549389225165,16.167492878789165,0.4564485051181252,-1.75022881716927,arterial,41.896670513159066,51.32061885944626,5.957488006465877,36.88096733254807,11.876041333702666,4.335978808600356,-1.1328195908580831,58.02093828715439
628,2.7724549580032316,75.86187714462548,6.665196379900885,0.7512355647476415,1.3161055851107237,local,31.785329825708132,76.12731948111762,3.236621390009249,37.47791460794843,9.793917898329408,4.399373598180627,1.2724247139137654,54.16784069399641
629,1.3595134096032166,45.869829651645226,0.05779545160709798,0.32981329296656586,0.479433793973592,arterial,26.837349516599506,49.64962768948838,3.399980570592941,34.081726465610615,10.468060387131965,4.252144177215553,-0.7741174488604207,26.795483596174904
630,2.1774082696583137,72.69411654075627,8.26790924989449,0.21592114744823632,4.107544033315291,express,30.45888864519568,62.83752524876449,2.267326540436578,32.486389319385765,14.943216174002144,4.843133826938182,1.4793717228981438,39.820962286713055
631,1.5387452821303216,55.96120091505687,16.915016222710598,0.4474831712359654,2.894322307933267,local,32.34134123489715,51.52559862937965,1.48063678307674,38.108622239723125,0.6563338449233744,3.6169592951984595,-0.2631335972034264,43.439126050272186
632,2.403536291134171,46.314957270241095,9.434718792220542,0.3391513866514614,-2.5696615016859807,highway,28.416627030936713,35.24851315411721,1.61981678250776,40.620358101746014,0.830957700687329,4.091887124707574,0.10313010758056632,35.492278210799896
633,1.5839511081133473,38.186521525578335,5.260179351677423,0.3960319259254469,-0.05856725612680558,local,40.29078827951518,30.553279605665466,1.0635145107201358,41.16043880826205,11.882904116261829,3.4405025549824964,1.5608930755988106,36.23849917661398
634,2.0559240629636215,30.1802242324505,11.136164739218437,0.3055046382732916,1.9995903280600975,arterial,20.057231729275127,18.107136599837915,0.2126486434286905,43.196058316077426,3.536183423798474,4.479561964591753,-1.3514974149575207,25.030431738787414
635,9.811842551677799,59.74538310691608,18.05636455916125,0.5617039904419333,4.587833094136549,arterial,67.05145336422845,47.43521671283168,9.462996967555279,42.073035708684955,10.434915196729667,4.449578751348128,-1.0501052717712211,73.95211994948477
636,2.3146076496125407,41.526583581620535,2.8663940830153445,0.2181737343496915,10.515346996379744,arterial,21.671723170024062,34.5668739945868,1.0696100868029663,41.822793102610596,7.798436396946134,5.0,-0.32654796159653143,43.902054250980925
637,5.555495916293737,51.58913570337225,16.602048807519548,0.4445134359593425,4.45978526134396,arterial,49.23230871112258,32.22819462128109,5.722135110228967,48.38601855265914,5.1207168206937554,4.6618618462736245,-0.1399679033452213,50.12205009923047
638,3.3598602157858015,55.49070365969054,16.016256571294736,0.3151453020276664,-1.5437497219231995,express,36.605614255677786,51.20479593570982,2.9894533806387624,39.8355982435369,3.854430218357262,4.34911431351901,2.642069780450904,47.260687574349205
639,2.278509926632818,88.20346591060473,8.897709112441712,0.3598673389992596,1.6715416061028117,arterial,32.151444598105385,82.12784391769794,2.153105905781029,26.660603285717322,11.762815458966495,4.314702784053226,-0.8880613219953928,56.947195311107045
640,4.279079160514792,28.71675632343714,23.288068593107866,0.24644776619786085,2.6334166826183316,arterial,30.719356973894897,24.353818730556295,3.8172769003477938,48.102792932431676,2.9792377636994782,4.0575250902181,-1.3042474946557012,33.478362827536046
641,1.9012161282013198,24.136112877885477,21.472927187528434,0.3423689973080564,0.182131953797676,arterial,27.93643626408366,1.635001537133114,2.8199540584875606,47.51015962376909,2.8014546632785455,4.258719462284031,-0.9358348991349641,20.540320346290507
642,0.5,57.07387682504154,7.587875539249676,0.4534765086781588,3.645902320770903,arterial,28.83218097176221,46.74184595037963,1.4175538879491432,42.33888100288878,6.908022844549618,4.324312032717246,0.23213304601401197,31.136876467319155
643,3.814527592116556,36.5175803186568,0.746186241452234,0.39927851761342265,-5.0,local,25.623656226367878,21.286239784285918,3.409961708381202,38.57527959161419,2.2295135482293897,3.3158582979101006,0.4920357635327086,41.253465897855904
644,2.676210093355253,80.90528155838325,7.39931536188184,0.3115238422101256,3.9360236746479984,local,34.569878355332555,64.5021560968685,1.6893858228890908,22.90062391440646,9.801921869825597,4.288611115728149,-0.7070870913780989,49.981777805255405
645,2.2021235635559684,52.96002914442144,4.913326620985038,0.31467829740079983,0.33264402149334593,arterial,37.74113771626341,55.179578877157894,2.721022491466003,39.92655870380529,14.883576303634332,4.245454305768634,0.021036143480130474,46.22405000309668
646,3.8812202665614977,33.15667494507382,13.134045937142226,0.26751411423465093,1.6160316890656632,highway,30.76164125514262,11.141862123225998,2.713438262773139,47.86075288025232,11.344742718483266,4.9893059745267685,1.9452023390492441,31.519186496969485
647,1.5945199270644352,39.67181748502919,22.04986610837171,0.15327321614904268,7.13003028659275,local,23.08661817198789,28.006507188063303,0.1911789014634626,43.93553012066488,9.246906839157543,4.140747708088882,0.035168481860796116,34.42539491740048
648,0.5,35.03715089174836,20.888100240900513,0.20945606282026452,-2.415310114631227,arterial,21.640113093586343,35.58856554097035,0.8486798947901819,46.75984332271132,6.222258160437293,3.855504590776714,0.32099002325267023,25.23988844118285
649,3.9317771770977172,85.52053502209237,7.339899735955841,0.45163790860343617,2.9545174751134065,local,37.60489601332512,67.77897193193789,4.513391396830526,30.54231112704643,14.825850044723621,4.320839436935985,1.8889882136236167,71.38876779517085
650,5.0268905564227016,49.18038609635325,10.28634080533529,0.5846581826567074,4.778725526522566,arterial,37.165495871236416,36.35431694169679,4.200133366545331,33.15496702446193,13.259177137728043,4.233456632346587,-0.6980257148488417,49.52906080066408
651,1.0007917525177044,52.97567606246578,0.8770127779095951,0.15696959909436117,2.5961776040020528,express,20.824564199460745,59.256167833348606,1.2243267278537424,39.91831679829761,12.398566526299438,4.141229719594491,-0.7634087185772561,28.160347078490197
652,9.04264850485662,30.56366704102752,13.059924183579586,0.27855927849695866,-3.6496730693206167,express,60.33183951264188,28.62782873874706,7.805844604980798,50.540903984983544,3.835096855306312,3.6244550351415263,-0.469682100347495,47.85530704964851
653,3.7172098184556903,25.606582169056356,1.5208315212174925,0.5395186699382752,6.7263881955546445,express,35.65731235119587,28.30571172092173,3.9230835155587758,46.9260558286518,2.291920057993221,4.1297912255357945,-0.5279105176080685,34.97222722459467
654,0.5,37.87465693844432,22.52654798949839,0.1639363872807594,1.260260823577754,express,20.500938298797035,35.6561464227972,1.3260237491297724,38.069897364085925,3.080145540481418,3.9393636574946935,-1.8210131123449247,25.447995822885574
655,4.930340011136329,35.38532657993965,20.806412036454535,0.214610765370023,0.15360702472690058,local,35.848555981196476,31.209409334140148,4.227013838437078,42.61975202289867,4.250991869034138,4.1025833254894515,0.1379941429960421,44.231020286198905
656,1.717174835840223,60.44785979847965,5.140503034500072,0.38019432644149015,0.913309912324781,arterial,34.07463623755245,60.22885519851256,0.7233748260781774,38.332280326426044,1.684632993034971,4.529468950435995,0.21694130225125904,51.61275897199798
657,3.8349785561530654,68.3146709710307,16.78484831668909,0.4532678506679503,0.662487631480458,local,39.28974421546375,71.40489655664709,2.2858562184485276,40.78158413854711,13.382123772934262,3.8964685473393637,-0.18585854983196132,57.129432056917736
658,2.085791624014759,50.309803240872576,13.632489178399993,0.7058331853454579,-2.1656288546242166,highway,32.37322500964771,30.978714282467173,2.617763207581482,30.670008332338213,3.1854156835079825,4.100445382650206,0.24747084283400278,32.77044837070884
659,6.800606008779739,61.71468187481081,19.23258510038839,0.38746836120632244,2.5773270512706143,express,56.17749373497184,52.21025810027986,5.211292214535503,37.155587191552684,3.785839028938956,4.44354223512367,0.25810884004994933,61.838626343557735
660,4.498913129127925,38.81196892293688,11.415650562036479,0.33889162692745983,-0.09031552769900264,local,44.46230071631231,32.687782345707355,4.346641209177026,38.94979584274355,13.378296158330105,4.078768972144904,-1.3161519694282937,37.18274797381086
661,4.813406648067377,30.488342130029068,4.602527295978672,0.30100522997385604,4.348108952524403,local,35.09116841186974,22.91015016333897,4.953991638014652,47.282395286398575,14.393076413485367,5.0,0.2886399471167301,38.57023789292373
662,1.4406789426099278,30.382108554383752,15.35624160294796,0.3413608438208171,3.811584227653131,arterial,18.5608722380811,32.69221667754025,0.8955695455085002,47.55397078195742,3.715826322440571,4.311989925410875,0.5585120787317357,20.438547955610282
663,0.5304914536643817,34.30793048820984,1.9267278479026801,0.06898414199312168,7.689842941173335,highway,22.25525377280332,30.959954692611763,0.34447362815397886,43.63706370303322,4.765669348364094,3.6411463354758737,-1.5971014647005801,18.05640817035845
664,6.021685314075205,32.0469852771171,14.03011178804213,0.3760210331614968,1.259283998195618,local,48.38728873352424,40.71824753664899,6.218751540673102,47.16025915970708,12.10149200992248,3.8223137656156063,1.4631160223687936,48.873780279060284
665,0.5143330036142696,45.271827061922195,5.104915331146982,0.29361589291730683,-0.8113741286568574,arterial,16.52550747252205,46.18291786770658,-0.18365532661496525,45.390802961525594,14.568826369680965,3.7770293451356998,-1.235796302904856,32.63457843277018
666,3.6900987992751797,60.54137648218607,16.438474490965447,0.644305219985398,-3.144098173034502,local,33.12090486342491,61.01308707437991,2.593319635320384,34.890689793679165,9.920303410663754,3.8287381711429362,-1.1382381180889076,50.81965742905137
667,0.8995713474779908,25.205057481447785,19.873035881474607,0.22074718261581,9.676701851261846,arterial,22.292091953479083,13.030149319326979,0.6221012357629352,41.648347321674116,6.917477919867706,4.441640153198739,0.20195531186049384,17.820488151371798
668,2.7126463232689813,50.70140424370728,2.628593502769739,0.23801852471129034,4.317377987806467,arterial,21.8426731439056,37.45359213903181,3.463711820603182,45.0158329617762,10.281403362491616,3.7020707446646566,0.5346987907833008,46.07618661486188
669,4.630021574625433,13.632649980228905,9.606445251566218,0.44726203084817295,-0.42346972412926887,local,23.10658309299741,6.521912299106156,5.455604292845772,53.3304603803989,11.814110906846258,4.050957409649148,0.7776713045957315,21.592414425691388
670,2.991421353035661,56.95348735347229,17.60451810662392,0.533023061717339,7.926042812434976,express,32.814803040967526,57.67229586620459,2.6132528013795078,39.1029333971062,2.1335106034110813,4.714236108717308,0.560992335208481,43.07450232081256
671,0.7148842710180509,55.590551435465414,3.928873476452604,0.5693955058186934,6.746568343601113,local,23.806076643122857,40.481734717222935,0.07369854148040567,34.42017696124798,6.811826148259929,3.966102530451484,-0.5197030143569934,38.73759449090025
672,1.1760184676840062,49.64132826583807,13.596568080857114,0.7656480578028372,-2.729471258592981,express,19.74165478069059,35.62958858148703,1.9097083136512738,42.518048901819355,12.930879921752268,4.502168953264335,0.10856129348601495,32.00745530562355
673,6.143972854723037,63.501467777314744,16.124135565017355,0.4971959971831759,-0.6371620627939016,local,50.21350243506469,46.12675968891364,4.194139103922353,43.12487024559297,10.728657774685116,3.4426633857853512,-0.31667037334641124,65.23970869754264
674,8.562066950390554,89.75832190628418,8.515046573745174,0.2460608777425795,1.5368630419387053,arterial,65.83878692803532,95.56576415249282,7.903948938669971,27.095140351634562,2.729727480681902,4.033223225644203,0.17425903692465192,82.93289775483971
675,1.2411320426228567,27.9869736923992,19.967574580862426,0.31084021212964974,-1.7452978360068672,local,15.89448999450753,22.793304270876455,1.081887964089207,46.36019826718299,11.450591287701895,3.8013245756516425,0.06845665960602013,27.420415461536642
676,2.065777970721825,34.35945266941121,12.25579644112113,0.11781811439878145,1.6619718798120107,arterial,32.61149192335187,32.914750884912976,2.8942624484691475,40.19576535559359,10.177896154544012,4.334896930466535,-0.5049086095761036,25.855397462515352
677,3.294096133779646,33.13501796229109,15.04787615857224,0.10993585295975165,4.491866812539258,local,29.811621868547732,20.180444041981005,4.080701352112383,41.9614548991896,4.337407145772286,3.734349842531086,-0.3472179161629584,27.773245252495634
678,2.869301321374561,42.70802953427411,3.380947120914689,0.5749235666689415,-2.806413004128027,arterial,35.82468545967946,43.016633903572846,1.8283483428792855,36.739466460848014,5.488041793456831,5.0,-1.8522043253028535,38.84138579064859
679,3.0945282037341157,28.62649157046512,0.5558441887840573,0.20914138047873107,3.0255019179087794,local,18.987847021352888,11.916851458197945,2.919217811740684,46.517059887489204,5.058894176399793,3.462276797661821,0.83013001966058,27.50009335297424
680,0.6483390179642664,32.98246523687604,1.217965699799671,0.36953454440102096,6.089742914014468,arterial,9.697131592704304,21.182076234941526,0.12702164237460734,43.00307552923571,14.902103790900242,4.711101514745434,0.2975575069885842,20.565557735704513
681,3.826785606157583,18.201650304174017,21.69408355675718,0.32395554928645737,3.400770837446828,express,30.14498909430433,10.351785462243914,3.2094451376164326,50.38279483682555,3.16395993496923,4.595224688521912,-2.3066801493826263,35.243188184575395
682,4.103181645292687,33.56026544256275,21.183417221958027,0.4098591015818008,1.7353427582696797,arterial,42.17115975619126,30.058326395736255,4.186773700409798,40.5445988144375,12.526521861173393,4.339437520438501,0.7931602687342943,48.231261882624366
683,1.1433267319971838,55.761510176654696,19.38219453988422,0.3571079139066872,-0.33835615851689615,arterial,19.14836320752289,41.84570745154614,0.7610787611239196,36.88710492012697,8.194213585275072,4.224494964080396,-0.05302780855647695,39.87566301944524
684,2.916588636523884,40.90014407494638,4.790690189636659,0.28866605329771555,4.907946552347729,arterial,29.282894059840668,45.43310917137409,2.7800701380939157,38.338479770752194,13.267564429715463,5.0,-0.9368221163613831,41.391252092828324
685,5.200706160925998,27.740361161263646,12.611007646788078,0.5563839073094776,-2.119220392168124,arterial,31.112495492710785,27.10186941805907,5.446453277057209,46.31541014779315,14.73698646100473,5.0,-1.0254251793653046,43.08593756633719
686,4.210329542751529,60.46744523650342,19.10681041316096,0.6517346454773515,2.8497713388329293,express,36.914881125726126,46.570104468437926,5.001425967513116,29.026999938308272,14.435704847553588,4.106729990277248,-0.6882221687476503,54.898688583103265
687,3.8928719521457142,63.903872431622474,16.192060350138572,0.4345062588054755,2.0893050656866037,arterial,39.71486360768108,61.30161110635861,3.7345288727787063,35.56613898352147,12.886669229186346,4.270996218202865,-0.9315253339782039,53.210395904492145
688,0.5043324898604497,30.332507495282194,2.7725086482225025,0.21611083125757213,5.9396385917339805,highway,12.560145942808157,23.02963937207846,0.5481115665065155,44.35310497375418,6.496797097657421,3.9514199020111724,-0.7971880004372696,26.649730449871733
689,2.892388667239295,16.02098704442411,21.49298879549817,0.3701597759211707,-0.039620663741115614,express,16.863545516107607,9.484782527079705,1.7173176729298874,50.177240690520385,4.4334431207398,3.67382067093389,1.7006342163564554,19.252643439802704
690,2.5433719835842536,53.01127524351982,3.856377426671094,0.1441128006860419,0.2579246583740895,arterial,22.188630030060786,51.3302934894589,3.5576735485144044,32.1993251325403,5.132712194014258,4.408400739419059,0.37112599438269284,40.2371736409402
691,5.628711707634067,30.065530203367878,4.123096641920051,0.4043147414691275,-2.3465270472099817,arterial,29.535152539118673,8.385928641645311,5.462401391133179,47.79057415179338,9.970501455139065,4.312330081343419,2.0360103178734716,37.24859987503557
692,5.655864656816856,34.64840418214051,21.624207100096996,0.6050760816921468,3.5304949611014314,arterial,43.48233930028046,34.594863021920396,5.199258290724524,42.200355011599264,5.456978065597289,3.4754004211267304,0.2257386156202008,52.79642435414064
693,2.3979896221534673,52.13413398179786,11.630806538268386,0.27278639668631044,0.5166445493871294,express,31.612299886273377,39.32235032503257,2.2262300376954762,39.682637873535455,6.80588533599366,4.405200893335349,0.579265720083831,25.93541726096271
694,0.8890801046991519,88.35645648379978,8.949403822955205,0.7797436530440802,-1.0172589204444797,local,35.300766345539465,70.10073688566321,1.0886948730734403,19.45327870446306,1.6561777024073072,4.3274129338752,-0.8807051930677161,48.84284212833196
695,1.0490020587406903,39.070876150881126,13.287761815153356,0.33162313776500096,-0.6838569333704867,local,15.42833871702575,46.917203272708015,1.5615342447712077,37.64455777426993,11.679668528285516,3.9294398906062837,-0.16802838244570406,21.877103699343078
696,5.640180895579638,40.92191470916724,23.553535987970672,0.4243555899463829,3.8798692376201807,local,46.535169668727995,31.065138100403484,5.792603230126149,40.3140977629101,2.116305704465326,3.900064802604527,-0.0816801711382661,52.81929370873794
697,3.086471381343603,64.34760106822935,2.871130925785029,0.4897792456437718,-1.860361749030723,express,39.02838301682982,61.38686333733169,4.066465759854528,40.218161742284224,5.386885008934862,4.390700895334593,0.6200924453597493,46.458054195743394
698,6.890692215037048,31.66557323000713,18.166772371009564,0.3795271520850362,-1.5495808774288906,express,44.90864887191845,28.870450349661223,6.395773800343436,46.85035912054817,9.061292597292885,4.923996744831291,-0.04948358075218695,59.028003073666675
699,1.9539140430873627,68.98554786255671,8.023820693859061,0.23150315487079687,5.137264989310841,local,29.34280578171335,61.31865286062022,3.1618836141909497,34.36082949705313,8.202035340578343,4.3792780333449315,0.3513274917321119,44.64140751724195
700,0.6324665282508789,50.19407020305944,2.8091825003429696,0.2690470346779554,1.4185779845968471,arterial,16.988452650011958,40.911163867810956,1.41539849901184,35.70645220593185,13.450393155134266,4.551217913063742,0.3155278770590623,33.02319911044746
701,1.749703225184533,36.337863342619215,10.126400528470526,0.3662411203142392,5.344057800945075,express,23.66000921992144,28.768175324826046,1.5266277977305003,38.9410989581908,10.0509779872304,3.825511622862064,-0.30285767252022616,28.022053217166658
702,1.5267487098431098,44.38223109038887,13.170069065406501,0.5759590491092192,0.7422546464179205,highway,32.60049430631563,48.42081515796379,0.04017485610413862,41.640033338526756,11.941149289367884,4.013577424690721,-0.4056910644244185,33.65913012768769
703,3.5828526719980256,44.22607791742697,4.943079305475526,0.2584284795121866,1.996059352111788,local,37.833999641468544,44.10538671833055,3.293017216235809,44.01807685849724,4.899965918503096,4.473607547798723,-0.6689931346949402,42.56820120213387
704,3.4874650595335885,41.92426135039665,9.72646701831846,0.36483181924764324,2.5470474517767583,local,30.460037243081235,32.13785543762981,4.385500797492487,42.52895436225374,2.417731383431976,3.5887448019079207,1.0823036890287159,46.68982257134606
705,3.1911437993206855,24.724120574722534,15.256224611334972,0.5317337440437524,6.855501935013883,local,30.151229652472605,13.694369503688153,2.2518189152828487,53.35752517184666,11.278284986970595,4.29324076423658,-0.30243161131841206,31.315345925498008
706,8.244967536199171,25.15410908724307,13.834752473285333,0.2964064565762412,6.570554891735945,arterial,43.61113994736216,17.289676590491954,7.4864409005492965,44.131107467729834,2.726895181279787,4.422040364938855,0.32889750446067384,41.864239411919684
707,5.008524768738003,49.67075583435734,17.355854257316413,0.7221607050373334,6.036329633673174,local,45.72706715509229,49.09060934955923,4.639847419321623,39.37193160271792,12.595409953970337,4.182659655017291,-0.1565551346553375,57.70918382016919
708,1.1132150700756867,29.149499887353485,20.07370879049763,0.2558555242627768,-0.2008660447738717,local,13.547349698545428,33.027917326915315,1.7555948365330782,38.970740088856786,14.17375292634712,4.34371741459722,1.0626173928773215,15.304080922947302
709,4.300610629017779,32.65814589556436,9.81936796246497,0.11556095708948463,-1.453903492841261,express,35.56662251943996,31.644029225341225,3.5603003278893635,45.81561639982065,4.602453960516495,4.226018931502698,-1.9880876600223187,39.938157663742224
710,2.286257528313173,49.18537967982135,10.151214611093458,0.33788533907560725,4.662770120713174,arterial,42.643730054720024,30.490176209389226,1.362124776717624,45.44610827132357,11.534573039964519,3.9200272787724764,0.3029698455967558,35.96737875916051
711,1.9139137889700608,41.740083604790875,11.920611226923675,0.1899362121403046,6.818658958052859,local,20.895049342485137,40.75552462777324,2.1785241310520425,37.93206696383467,6.841405618864021,3.6698519551895132,-1.2549104997078515,27.89376775750223
712,5.4120805002393135,41.94478851791907,13.592481081151284,0.16747502663202726,6.069865562415579,arterial,54.0336074043694,44.77811766545153,4.276162834985301,45.450139559208466,4.835461513238381,4.15935899281594,0.3907014994680098,61.44673422401405
713,1.0533384050955392,30.003439857931752,2.5997441817094,0.3606548569172098,2.04567240066697,local,20.597231315175854,26.71781969898825,-0.520399717127703,51.04181731424805,6.7515783340150515,4.787027701527121,-0.1465465513542071,26.2947868246654
714,14.637180256492773,57.24077196429653,7.5032485006745775,0.3756032674336216,4.547329907059524,arterial,81.59016915722106,62.51327755886372,14.645759770385787,34.31771077651788,9.878125614263437,4.660971328917207,-1.4783611084744996,93.75250154876034
715,2.6885980937626393,43.777852495804325,4.125403089048582,0.6551288690919616,4.608856785797952,arterial,26.028182482796556,27.96438003007144,3.1613628140964174,42.42414528938684,14.826989961621997,4.044600467023753,0.3376397868166987,43.83884201029731
716,3.911550950022052,70.56083862394225,9.260466296259157,0.1430824440426115,2.5212997698279165,local,50.66555403182154,64.77036547347973,5.027106083353598,39.86411050396654,4.85063413829659,4.035253002616364,0.22418181965839756,58.064276325817296
717,0.5,45.99568516451166,23.360497741776875,0.16941886990030408,2.6733076865794985,local,20.68108850920958,31.954782880593914,1.1492102024124287,41.78435735996406,10.736176325370293,4.00212942475336,-0.23122115741675406,33.73787361039753
718,2.1059512844737625,24.48835036091794,13.985542960343514,0.48180592596466687,2.3436836788098163,express,19.442483208528017,28.224891166026495,2.4396480933803484,49.83674302984182,5.355616495830514,4.002187258864885,-0.10456557749798145,18.330981657915274
719,4.625950640222415,43.53804382763261,10.30515647809311,0.13012260753327648,-0.758337866476158,express,35.028457505531904,41.297363243674916,4.4589840829364595,34.58254419897163,4.1452140854646515,4.329487240395986,0.1615110824981361,41.44381073852004
720,2.884730185448643,38.25043395603904,13.582485485369013,0.37517820957413645,-0.4011835314458345,local,30.426151241262925,45.12235957997228,2.4474345416539562,45.163059501129574,9.661711055469558,4.675866627914882,1.1782202031906055,35.561399375326445
721,5.523596805300555,42.58115032364786,16.0578373302523,0.2248347913221332,-0.4552162652837346,arterial,40.304609275600534,39.69193791005825,5.380922390294576,43.844936282340036,11.538676763809956,5.0,-0.31432686853273617,42.31923018295085
722,2.749967824524262,52.670420930117864,10.438883118969624,0.5038190297857968,-3.5973287187387637,local,33.21093869528494,41.941815664177305,2.032385054572554,32.88638739754988,10.902097459931808,3.826568615766299,1.0130319563965289,43.09014264687742
723,5.759496503207781,36.552458436775495,10.745035302069294,0.2521518649629223,2.500009745719435,express,49.08808892861161,27.632098184311978,4.328163514903628,39.672644123160644,14.167492339602681,4.493031156111349,-0.03745027058518372,34.65705586350412
724,1.4013814199768293,54.55579080396645,16.833627105161007,0.32149369659255034,1.8579931950685424,express,19.27610552691772,44.62118149628216,0.9954626244422871,40.40628257441763,2.0568529762756653,4.444050481352725,1.2957346245180623,35.86953605656592
725,3.1842954042583993,38.9694295565383,1.4607019969368302,0.2615598254340317,4.666874474892959,arterial,32.43355458759093,29.548946834476588,3.8990596969136746,41.575203864902555,8.339623128974178,4.05161411123533,-0.23514166846046433,67.49676312652545
726,1.6524710668112728,43.953599625481075,12.96193363892026,0.28875441013350456,6.412510490426893,arterial,23.185195745513433,46.79032247758991,0.5012986105899448,45.68416484796589,4.717235003667748,3.7382958379262132,-0.6663242164752824,30.065733426654017
727,3.226264385793453,24.518117491972006,13.135867493224834,0.12007108511083067,6.635030276962852,arterial,23.017304279564954,29.769867805508262,1.9304246265740281,48.64733030420853,12.345877640013331,4.323917893580107,-1.097676504579131,29.73912019079871
728,2.392091524662999,37.93929830578463,18.162054267081142,0.29559153422337753,6.96462910408413,local,30.949885998322713,21.772431445320482,2.625929702366957,43.252849705986954,1.3993850003104693,5.0,-0.0338154875490854,34.68083889705957
729,2.8783844616635594,37.14125040279615,23.583474056079794,0.09252830567774024,-0.6497835955115274,arterial,19.279318521066322,31.838583843955256,2.2584830519478705,42.99077213491363,3.0491500534528537,4.321071197033383,-0.7931730739628388,56.70669684657755
730,1.290247348669196,34.973821277666126,19.098114882883394,0.2253669213753383,-3.0118574729550724,local,7.795021566233286,30.165188703617225,1.5496186499298485,45.22784830168754,11.69441414533331,3.845745776797176,1.4044883410529638,20.246029243393586
731,3.081385584242565,31.750940976298256,12.090926703611233,0.28564607559481453,5.257602523229014,arterial,28.402337595661983,21.519232857248987,3.565132971321865,48.1151550459855,5.6422991466807195,4.1292301611075715,-0.8712125417599786,32.12193681246288
732,2.306651379651472,55.61520604285337,4.066876310572285,0.26525503639141584,6.837467033703152,arterial,28.250653020451963,50.34067508094227,2.4452122290926273,39.92033088644504,10.38610163574278,3.686921687801192,-0.6900233694681914,38.77439500535277
733,0.6680866134756741,35.525245763513986,14.118263319196094,0.5942742321548898,7.44597356523649,local,12.029078736988268,40.4224147637829,0.0954814891853486,41.4618431650001,14.978332326745216,4.20832962865197,0.5810831090237156,24.011018810659127
734,0.5,36.79379955921742,20.023173281104462,0.12997639569471753,3.6974867339233146,arterial,7.44175540057625,37.51739251300767,1.476347046822884,48.65965555100642,7.167811994481056,4.507533612450052,1.1857919520087632,22.718406657493805
735,4.637135235808108,37.08344950728013,22.37793752748798,0.6150335916886562,-4.988463816612694,express,46.75380229952542,40.950410803782134,4.767119858310106,45.27567492228625,8.22827148533788,3.888329961937203,0.7310453731591017,37.884692307596765
736,2.2014126168836885,50.20215017863114,19.807449107858414,0.3259433358125651,3.2796331220175743,arterial,29.89562073413667,37.64255271908686,2.002733638546982,40.8284038413463,14.642256916563696,2.7349754844319967,1.0586846764470546,30.354557291308968
737,6.995474530510421,38.39131743418874,4.535246552701524,0.5128154914428217,3.944043037682935,arterial,47.588031295391424,32.88817422842711,6.2786608263406345,42.82376249650705,11.322705588443977,4.324596482743009,-0.0802160999371592,58.1829163854231
738,5.843487805566462,59.25650590736176,17.101820744383954,0.3882655000649366,6.382262574405063,express,57.24967846979055,45.008496266394474,5.558333056591407,38.44671548501547,3.3529764633730323,3.9743013478681597,-0.06612513846366957,63.210324818503
739,9.4143049252104,23.78042444604962,21.12371873966024,0.5561513054795288,7.003700428941318,local,60.487134534303195,21.889371273206137,8.223287472482717,39.426854296325715,12.162353129423185,3.8621985743469915,2.011757867258598,64.11603812959778
740,2.8256599576216668,65.49272067517612,16.344407199047403,0.5506894132040249,5.183716911848672,arterial,43.7236992765574,57.97496893765043,1.2381302060834525,35.21604206856406,7.979946969322857,3.858314278485906,1.690268713874371,49.37626910086522
741,5.153972300207878,55.188041426928095,16.458048982277163,0.3406715786405578,-0.05547614403549339,arterial,36.13783271747982,53.62870125069523,5.238701267196429,44.322976132904685,11.91685648652635,4.380113366563581,0.714202361439293,50.594977912455136
742,0.6588024446876691,52.17825205032409,12.003894870025889,0.1441918184744332,-1.6019106009343038,local,14.07782259391455,53.545957219704164,1.1455166161158425,39.93808749477177,9.179011610644492,4.016442339453099,1.1066065376736536,26.94189095516816
743,2.546013070673547,22.109195222470767,15.287429331012122,0.07608258604881787,3.8688640313570737,highway,24.786870872798694,23.615656086720485,0.45055899104881236,48.548985535989026,3.7963060663499717,4.618700534589184,0.858532654342998,27.514142068550903
744,6.455631008756684,88.68498509072256,7.065137261352507,0.4279491390120389,-0.7734528864894785,arterial,57.77327804490317,69.36104828722802,6.218608822006819,25.155068972869532,12.309373901543843,4.62860325019858,-1.2059744561305938,74.63684123350107
745,2.937966017975857,46.22638837297482,2.131442082857885,0.22805773632142715,7.162979873948297,local,35.77925138285232,29.82722111675907,4.049356247290041,42.64687713633255,0.529384739086366,4.078215597806554,-0.039652109962020246,29.59056599399003
746,0.5577346121004818,25.844059455409795,19.86515771388961,0.4251826074049226,-3.9659562807317252,local,7.167467495103637,25.60759075203564,-0.4001495316483983,45.61611931921462,13.376438195222583,3.9656103112456034,1.4967742890147124,27.54150694762792
747,0.834014445526213,36.92757340868188,22.635463377396377,0.6340187288487107,3.9841031433813354,highway,23.565211878879747,41.89208515940808,0.6919799682610229,47.890889649260366,12.369833773043926,4.257468827416452,0.7203391783286083,29.95586130175424
748,0.8076587916391467,29.781788467322095,20.56373604904666,0.4074441623337328,3.1183724115987106,express,22.170022003957158,25.14097705774608,0.581307061167985,41.796096369745946,14.567029880701254,4.134573068189013,-0.06358966056762974,24.126052156151246
749,1.3640801212620233,77.20151516770488,8.013925290739273,0.22491346804206847,1.2763166636409302,local,33.92812155684146,54.929532957618015,2.556001656632527,29.580498776536263,1.015297240276367,3.411368838882318,1.5087578002308168,32.340881895619674
750,2.8263230638837507,38.475500796323175,2.244723631390279,0.20193380062167743,-1.2379069600665948,arterial,25.159261059738753,47.2974673738308,3.440448392820945,40.64996993223725,6.845700291781191,5.0,0.369301907928723,33.05447271369222
751,3.8447097608166145,67.80535440973337,6.723321303153757,0.40002299569463384,-5.0,local,41.81156273026966,61.060383099403474,2.7575058675250084,41.196664040536405,2.9524073646686184,4.521451086334772,0.7555796382906447,57.460768117933725
752,8.563780083965193,23.302802899295717,20.228049019437602,0.5243348850205966,0.13999959874560752,express,47.40701598096465,21.00537307674525,7.9810968942554945,46.20142671372048,5.922848269147189,3.991431731312436,0.3745314457720204,54.62093098066842
753,2.464065349442618,9.869087158451123,15.739548183197185,0.32156654598087825,0.2014088656810471,arterial,18.402595568019763,0.21292602763881519,4.059796520320377,49.20383090901725,5.716975442534316,3.337627554657317,0.5411622648785044,24.620824093427363
754,3.2641981262658324,41.34206132521822,23.20066185847049,0.48443708650903217,5.891078305969596,local,25.991648795799748,35.254265686703654,2.4380119943263385,33.266129247597895,9.164635404372296,4.118805662069019,0.6126691669014626,46.00429655914858
755,0.5,61.00018405329055,8.224344442490482,0.2308619719027133,-0.7399947339804402,arterial,18.031021704543733,56.65834558066584,0.44107697307253424,32.59273289806331,6.8427349098370325,3.9354104309840885,1.2996740769331196,33.036021730503094
756,2.602766607573161,29.645523980188454,13.235330886999417,0.21089608185377418,3.584697147473271,highway,23.084133777093957,28.719840427035017,2.7532957896059402,47.79609041580633,14.500811596539691,4.172742058615418,1.429956522045134,31.463336754718846
757,5.153115547519055,61.7952163206332,18.96091731931747,0.6223871066490991,-2.5228393120462833,local,42.44121934943119,47.76672397547119,4.149760352991743,37.31216385687719,4.527719677434103,3.2262582820741432,-0.4510911190156343,59.145128693553325
758,4.08709770203127,53.34342651963387,5.615806625563496,0.24875560004816633,3.680868679292558,local,32.577314278422804,44.942455560986296,5.088950399822339,35.89464791419926,6.57188166608662,3.9874890111508265,0.355511085948428,47.586312788902546
759,4.515278224566887,15.016282648232892,23.138159391831977,0.36182373334788587,-5.0,highway,23.933467599010555,8.451793336740598,3.6856157618833807,47.38884414030202,10.65949460465477,4.014905143901548,1.2710089185473643,33.09823703501064
760,3.388368130443755,28.59666596454215,14.217544139803557,0.5380275929819625,9.333536622757432,local,39.03454000640104,35.956297150135576,1.9383032141000243,52.78442929693209,4.509878588221999,4.113476125838774,-0.13155940201285796,37.83346737564011
761,3.4121065332853915,40.0934619155196,0.18954151967167654,0.21422052409138423,1.5062636562075178,arterial,27.743328925534197,40.34356047864445,2.6509102488238208,53.32903942738193,10.995260867897686,4.093706543516343,-1.3088961662116188,31.32867377792323
762,3.6987753466376536,37.094017039277155,0.6036786150722975,0.24912408754800452,-5.0,arterial,32.700621113906585,27.859570403188094,3.8513138809228242,47.97263707359486,10.776331149477683,4.223512874792731,-0.9086481927980795,36.48791201326408
763,0.8215674080009806,41.6974377651476,21.173184393638284,0.1680280039656049,-0.5121231644595667,local,9.915769882943149,27.263534488390206,0.10087136659747975,48.39183221170328,10.827454225011207,4.884529820315576,-0.8395790388192566,29.23490125338497
764,1.006478185786722,18.869551586352785,15.48675666626586,0.3152648152683499,-1.0648178158005317,local,22.045022925926695,17.983824424018696,1.1475898783017318,55.79430594603261,10.288608172884544,3.9682436157388365,-0.45817900368179626,26.440090533797076
765,5.759276636659227,34.543302220577914,18.31374045753269,0.30437639880051515,-0.2953634615320544,local,40.87395659993047,25.91208515947028,5.633389325106638,52.886542735844465,12.35317514832566,3.7899789198607836,-0.7462283089811764,52.03237137328971
766,4.351036580011188,63.33079212693258,18.816384022965792,0.5512693144173382,0.72375511470405,local,39.04941273543657,50.90302666197445,2.948785688346346,33.69051229145614,14.926509600421163,3.4227012654043563,1.0291060832220358,55.04340148899617
767,5.823072521458291,34.4213402099063,10.091034630018635,0.362021730256468,-0.3191600366395728,arterial,38.410924490704296,21.31164024349725,4.7898034952370825,40.436482625555165,1.3023786013582421,3.969999979274837,-0.2768240836403828,45.609446906993874
768,1.8739667741447776,37.87742706792734,19.166669907415244,0.4207016267591373,-0.8574422697387436,express,28.216441861221472,25.11595193608604,1.965746784360754,50.12932775865647,7.708626307198243,3.5694370842152163,1.2611017126514312,25.087911100273807
769,1.1642974397026782,29.589925241156745,22.500778675500914,0.2805001053898079,-2.0553903319959526,local,3.3861454149416303,26.290127522906907,1.609797423735222,41.70484614510675,12.289673485283942,4.6320433325737485,-1.1302933485729698,25.027420027590228
770,2.9530255376253605,56.13354747029786,4.132106586470919,0.12227812013144579,4.876262983765805,express,27.1284192698915,45.84536621485902,2.226695768048714,33.800995141762826,0.5006845425237112,4.1567523762143495,-0.35332277758845404,29.075778319491025
771,0.5,42.40689429408288,18.339273589008496,0.5401410667134643,6.2039746533268625,arterial,18.68480289025959,53.52146085211531,0.5714178481984229,37.175110841302285,8.404722045317142,4.622759243252935,0.10427735387154044,29.50187817436711
772,1.6926474259665973,97.70789876952259,7.3870081827735605,0.44243987562734516,1.1089916186729925,local,35.671795118125054,87.21148798276889,1.2962336835733281,24.27716526682748,10.067074126266236,4.859563675402543,0.8106616002955944,74.26689991325847
773,1.3596469507184272,65.62911547851186,7.715832073292493,0.33731086323139625,1.9382717248870358,arterial,39.76993081805459,47.72288188685099,1.8059623922870598,26.699140144178017,3.2802687665949266,3.8107239597116283,1.143626765206113,33.534621661748545
774,3.7579834731933888,41.081434370829285,9.906116424873268,0.3747613934628534,-1.9421580106740226,local,31.1346808060263,24.169765514085096,3.7977159892065364,36.19360920758575,6.3118972981073185,4.043688107933936,-0.5383172919112993,42.09598251203052
775,2.0093454182307275,15.254602666780837,20.72926847779405,0.18624463071081382,2.2485724441774875,arterial,23.280425082592394,15.753611987370412,1.5096244642511167,47.56177476321076,11.947042306553428,4.799259060691715,0.9934185084086091,24.566342972711297
776,6.822890516055999,36.797495518607725,0.52934561544118,0.38575214937002583,2.8048731675383687,local,54.78550301587558,28.49980152772745,6.523356545407325,38.40554579037735,1.4668994550552563,4.2851479107196955,-1.6818928239965436,57.43160862265037
777,1.510732938988481,37.69582927954395,10.414228963446334,0.55041156191172,1.2321048660016158,arterial,26.19650890544858,41.361779534144944,1.0295809476554736,46.840075348411744,2.455567630437435,4.434679471649052,0.8713311840109494,26.709794156057033
778,2.2469433687229503,41.055516112377006,16.321143589662494,0.40284307344943227,3.3862624221930693,highway,22.788593714816685,36.870235564740035,2.388138595335838,41.90425182545864,12.362007338828041,4.664839907161388,-1.3410650324708306,32.408409469763505
779,2.502234607773714,69.65260133480298,2.6499709987805273,0.27367932457790023,3.080480737178587,local,26.529586721593134,45.327068966722194,2.6290467832720132,35.86494863414775,12.233479813129316,4.603431594148817,0.44664394051276113,44.743903985138914
780,3.7322833109028006,50.39698041570086,19.014086328417996,0.34428978024041423,-1.689487861817029,highway,38.331160905289885,35.70146326442301,5.255892202667328,41.06244703198466,9.060848774142421,4.384661798980967,1.1291865282456237,31.90155755148752
781,1.8984152228006141,26.485538256902338,22.605662349536473,0.5841424421951404,6.1756662980513495,local,30.515525248379227,17.785733126317087,1.439563906837264,45.05896127947348,6.534706457165687,4.828362668330097,0.8872303394087334,37.15648859511603
782,4.817564522457353,50.09812693025651,2.182435705847486,0.20569736484332277,1.2732380905964864,local,41.45893057757674,45.67766645929571,4.222793280640824,43.51169329214308,2.031950303621259,4.169285561135347,-1.6391779105491462,51.98448703382544
783,0.7423050159547059,61.3402041662976,3.670755307941075,0.27113585006835517,7.8645006067094485,local,29.35813750840418,44.76990653241174,0.15028923404553574,37.86425859070577,12.265840760774045,4.433736479216033,-0.4472324120161307,32.977607365244765
784,4.385475207673696,44.64402482149911,23.378333398708868,0.32140370495532966,3.4714720629672913,express,49.12307765872851,39.01714425598428,3.1206687286749704,39.690384051151014,4.005307736535127,4.120458673041677,0.7169331212360757,39.29586106412645
785,9.129992402230076,32.4562668510285,4.748535378857798,0.09609543764887928,8.898265956301415,arterial,57.8926931274591,18.23477807488733,7.851824767133134,38.33528962493776,13.74126743490228,4.659248251083345,0.6882949141323649,56.68358314863757
786,1.9983624205787003,41.898138928127565,1.8945522168769076,0.2900296164765639,6.113442092572562,highway,19.157205210205447,35.6567160217576,2.3306067346978203,43.93313265821578,11.749650792186873,3.8846559129356786,0.2759311920785483,19.99755305691023
787,1.2737269759517156,13.227412927172132,22.852620873501603,0.5460015508938193,2.7951636984930164,express,16.627113817751958,13.833482879233806,1.736323503435989,44.89455950795712,1.6735696486919227,3.4427146478641912,-2.2016072522358923,22.637396453767238
788,0.5,37.77064329221833,21.422945035427254,0.10199504939755985,-0.5308740331686828,arterial,22.920592738881588,42.3356190198913,0.6865438757498639,44.985949415902795,9.714650022021958,4.494716154339067,1.1980488610539375,26.462519260702845
789,4.1684570006946124,10.351777553522197,15.737411345595145,0.20328075064199536,-0.4554861616932335,express,25.807952363370557,10.51803888573003,3.514999396201223,51.80345946735094,13.849077047344085,3.7409376603611793,1.376260389828088,24.671401924933374
790,10.984687707261369,23.792435455423615,13.234342254901279,0.2263328791316715,3.8656199974388246,highway,68.3256228525925,14.506425667354593,9.491518947790585,41.96812686895037,13.24793892668498,3.6963408025576303,0.1637398507943339,60.78261772677503
791,0.6323604969019665,30.10825664898164,22.06158471126649,0.17126289181775473,2.5009412932682116,express,14.991068667981628,36.04305376034151,-0.1643399611578501,46.65858538580927,9.393616748629388,4.769218470516182,0.228577936751324,18.050757961545035
792,1.2441297503895727,31.160936701743964,15.732481802674146,0.17080095603188228,-0.061591825968799974,arterial,19.979731836030332,25.204549943027782,0.6742066945802103,46.07539482513494,2.9934057002826653,4.634825798036029,0.5030603803192918,24.928910645736053
793,3.066873376251753,24.001781692377115,15.80151982356168,0.22531927174401392,4.915709816635145,express,23.454213322456674,25.816481815230674,1.7240835913207573,48.128616954379204,10.363506438167006,4.045874671119616,1.4604428034247465,20.168760950836763
794,2.6544028994574718,41.87389203272176,20.24845354084687,0.5481237103886701,2.1356996562461132,local,29.695369548306136,31.302537829622487,3.475249259012254,41.92957263856093,10.159059843751693,2.8295415927236465,0.2505541836365928,41.980995538627674
795,0.9059872501682056,34.0240482330308,15.677896255018101,0.17215139112357658,4.936534353552542,highway,18.485227331489284,29.555888817323076,2.285109714209021,41.838930003351045,9.036653414090429,4.439958062658506,-0.19117464531234538,13.737546339997987
796,4.657526610801302,41.216242464803656,12.088245288904261,0.16782486764742718,-1.4141452334554514,highway,27.822857797016205,29.42493055303749,2.6430837469212296,44.66591406166548,4.353271370584398,4.498127192653587,0.3815201134828798,40.12657982458738
797,0.6240757627277207,29.093704171082397,9.353315949562749,0.21397991769623295,5.4981508380285895,arterial,13.070888975488659,26.9854682328645,0.7930790967354373,43.09330573613617,13.554303930742057,4.432565100688636,-0.011109877976911833,16.099194079899842
798,5.285942276263232,51.79678340830637,12.075213426989778,0.6618130624170792,3.7534844927154802,local,37.32505747083014,49.654062563205734,4.975501612921731,33.838975196640895,7.787365087935858,4.411884070903746,0.0002494756959870948,49.378575967416445
799,2.5756293510746895,25.561664384493277,12.539487578092666,0.39690429111271863,6.191493825616662,local,22.16287666304642,18.26381979814741,2.4851134476393266,49.23622691975231,4.808170757076181,4.118374872534312,-1.765859371083207,32.13376401952835
800,1.667835903414118,90.0471343770101,8.659965146838044,0.448646866181315,5.421006752507184,highway,30.58304661088633,72.68300878475185,1.0268568561022997,30.83428835809757,4.200720072190819,4.015288885304585,0.5228315960154524,50.10175296345523
801,3.2262687541089896,58.42433950506242,10.754841815528305,0.5445920717925216,1.702663097522304,express,40.153630324744675,52.15841610855079,3.721653045702643,38.808306404687286,4.57475854450376,3.702227158674156,1.1714550487726032,44.53044538228012
802,2.371350429521361,60.65300280466524,19.244926388724508,0.3135415635353463,1.4211891077483965,express,35.69944505297676,45.77994059410693,2.462597227832074,35.34823658567998,7.185865098788206,3.886171495940942,1.0203727637693671,34.34380913153311
803,3.2305988040698965,50.32847021006689,9.996320848221309,0.28070670414977283,8.240608474068297,highway,34.81496235694549,32.153593867208464,3.734836326833973,31.58218271301253,3.8473466980804156,4.344668096973828,0.9509914692988104,38.89032258874948
804,5.806555206166778,5.769875432126881,0.6134343992503046,0.06881194875136674,0.9830103571631443,arterial,26.404684610501075,7.3767690461164985,4.635890102019856,59.058174156407105,8.002511194551047,4.352067127902756,-0.05300231123152458,35.62332264422618
805,1.2105241146573726,72.83553489432526,6.792463722572379,0.4216835064812921,4.619517945932454,express,28.088919839048483,61.156324423836935,-0.017074540534708582,24.485582755585305,3.2843406035888654,4.555421047089143,0.14567619317600256,46.40417595777399
806,2.317201864105128,55.95592600070124,5.561804738200756,0.2958956782619653,0.6651455273359033,local,22.481228941036548,46.660521360512,2.433406101360231,39.96567641694123,4.42880316957323,3.567105935083446,1.1914026971815728,41.19717308049035
807,1.1233413523879578,64.61769062431532,19.04596828396724,0.5416579129435232,-4.516590780481772,local,26.242750658057314,58.57252993273669,0.24065223649455958,42.972324391374855,2.235149079636816,3.4533484598864668,0.8673542931617787,37.97083214096211
808,4.655824052533978,25.935150392116412,10.783033403323412,0.15299722026113963,-2.295686842320837,arterial,35.659033260120566,26.670130300311833,5.033921331947679,47.51132623361522,5.682222567769036,4.0291326994133465,1.4863562532722312,29.590840545435142
809,1.2991929661991855,71.88197722906331,6.727453032843195,0.7117383552476823,3.4207230970169427,local,35.1796167291042,59.97266740359342,-0.5320233819221996,33.176862299179504,6.386560231498672,3.741023559549597,-0.672716445581102,41.09515287104002
810,2.0017145504206693,30.354975151323224,19.45691721219899,0.7397588315391683,4.453960948617865,arterial,26.748828067175182,17.943043041595075,1.4267111794568479,45.9312735899787,6.353905152674667,4.283694355419538,-0.6789559607511448,35.128287198857365
811,1.9868777393408055,40.33442417071314,0.46120330935868825,0.22979323096220855,3.432246932270562,express,30.255847119471763,29.81415292290815,1.2954524872842719,43.232755645501584,11.010868740264954,3.6105555221070453,-0.3325683248711846,32.370270297692535
812,3.284560305300408,25.055312840422076,4.1820202255492225,0.1059399580000789,6.010823254877259,local,27.121171923432378,25.39176342761649,2.690202961304637,56.673980167635264,7.508737026358179,4.731104464165528,-0.9430326551397364,27.953108652222532
813,4.530039549452569,37.45114520917659,19.8469156654992,0.2641908603747012,3.369410543319451,express,33.77758286037743,32.78829207191497,4.285914852077877,39.863615305583295,10.548576941712474,3.830072838702185,-1.3214551080512802,39.439242584946314
814,1.7224142434038936,43.698159623529236,13.215641463849662,0.5234844034705738,-0.7133214721692962,local,29.350183778343883,33.295120119697486,1.867161407864621,36.96867671954769,0.9805314568209345,4.916703408584771,0.46863722606098573,34.824876484311076
815,1.9222327032902475,50.36653258715827,18.56759458990753,0.6522720457310879,4.080057635158173,express,32.52442506351974,37.32084729823866,2.2417995148129797,37.27549186508559,6.830535400389038,4.435935832730339,0.4005503944605798,40.032502555890396
816,3.170118659777819,31.708627771085172,20.116224354289862,0.5416817287178781,2.593627863254871,local,26.328982230609746,31.277093277213886,3.4570958852317424,51.367374581564725,1.8020680570710061,3.725145577495124,0.24622589223478455,42.119074356707415
817,1.566185384501183,29.262750641063192,22.60712372612495,0.5655484775580324,-0.014453017323386774,express,23.208293051929736,23.321771205969323,1.272346365513654,42.78257141665071,7.2004790634138605,5.0,0.3537452429838336,13.750748014596883
818,0.576161840750764,41.29952551852885,1.5221903832801118,0.14569321695902254,3.6538175551340144,arterial,15.93552311056676,40.37361414215448,2.2055091460408542,44.03994891768649,9.420392896626613,4.319453541577881,-1.4637116954458396,29.825144368709104
819,2.0502466794002534,44.00209229170315,19.18163383916333,0.20124434183839812,2.277795581061061,arterial,14.8698180596658,43.557129030017606,2.9548942786258188,45.680917793806856,12.052721045564322,4.274753732775941,-0.4800524851715377,33.038781940038795
820,1.9596742579891866,61.55866522500025,17.010387557276037,0.2589756927648968,-0.11750192810571702,local,30.856851434842476,50.13498718925392,1.514116259661179,39.130383526670585,8.47817713624499,4.170654576432111,-0.29346844388653476,38.6773553745568
821,1.5078477790611917,28.22581367795567,4.96861441623742,0.4799008614657227,1.3774697925295685,local,13.921887413301643,30.63947402011501,1.24756404744149,49.64474953993398,6.002782964086233,4.409948994871626,0.048506043004424834,25.6440212191126
822,3.2393288051398024,12.539924331598009,22.360854392162956,0.4993408026704244,6.947484974397494,arterial,26.4735880361016,11.62780396309184,2.648957690465621,55.91128657215625,4.33470531076809,4.436439275162685,-1.4597630179369998,31.223350999367383
823,6.182987225238718,39.44295565325142,9.700845127353409,0.45693063572603104,6.833107356243765,local,36.10901442511367,35.40081996835198,5.855327393803308,43.48617887134022,14.382920937137648,3.8107617216607053,-0.9277911843240666,50.70112127296224
824,2.9391801310830257,26.39836903557822,21.3026526589153,0.3217376249841027,2.6585044874468946,local,22.04430451751763,7.117370014457789,1.8677118538604431,44.60881844607139,3.3751392800167843,4.103901847261372,-0.43647845208593533,27.91207316987117
825,1.6862491872534202,31.588303249083843,14.522728911958211,0.09796357019650574,2.2004350526054997,express,17.859371899742953,20.053608673457084,0.8859942997889171,45.91645744712381,1.115037199509932,4.252065430987715,1.0582854017674181,18.088396379959637
826,3.076032746506263,26.83220240080126,12.641950716982958,0.21268197999107424,-3.015660955423443,local,31.817265638966568,16.390511493538988,1.034536475524136,45.168761475259736,2.3252511891652645,4.462233209094284,0.2618702884906011,26.752382518187133
827,4.992366705207352,62.28413045135285,3.828574413503506,0.4397725750550551,8.017777896781993,local,40.69944644807635,50.71092782682494,4.174201931668076,45.5214236413203,14.963823939669322,4.4698601746787885,1.0215661959764897,64.56635120889263
828,4.81607196306789,31.479317836204388,21.94386298289551,0.18835114037030093,5.627196605787885,local,29.16467469157844,27.557877214350174,5.186272113940303,43.04887575659295,13.638740431571499,4.274043807378284,-0.1224311368557277,41.814850154533126
829,4.420313582526645,33.84337759448091,13.359885776693908,0.23952641927653803,4.631830497465144,arterial,35.35631169850636,29.85362323059559,3.8566014081544076,46.30049790102121,5.143739150814286,3.952354669969878,0.0009888933750404464,51.34344034122557
830,1.448321144497272,37.35504242018863,0.14621773192361864,0.42917358223785723,-5.0,arterial,20.79655445019923,33.7520146846991,1.2265594768638124,36.93167771292113,0.5558130682938693,3.9292836402811933,0.49907591745713104,30.262435580341744
831,9.479159557630366,46.17542474930944,0.43882898568679707,0.38556003253149657,2.1432292772952866,arterial,63.69541442008891,34.454498898049835,8.753770916951739,40.90752608262983,11.624487389579876,3.663830218646436,-0.17721081701174998,70.97855096589939
832,1.969216122951467,60.9105167845526,18.66318252043314,0.4649505968314653,1.555049520883193,arterial,24.527139484217827,56.613480013293575,0.9705045644202186,34.648528349246185,4.857775730843983,4.466670523971196,-0.6247254835993948,36.14408480856329
833,1.887448332620718,47.92802294279893,3.886472481081351,0.37750718325962557,4.389854034052095,arterial,26.979487871206018,53.40383860624023,1.718932469474036,42.569320294018794,0.8211653323687162,3.922810307648712,-1.4897854233163332,34.63072181864032
834,4.283011682863229,36.54630039758384,14.369722455075486,0.36135597063681596,0.4213921525897133,arterial,46.468352497172994,28.591081125802376,4.566974110975966,46.12041008090987,7.1207665576686905,4.113710476109734,-0.597917174637081,42.17694196586112
835,2.854759857599718,37.67684722159916,16.345967086415527,0.5676735000478308,1.1890142424126835,local,27.777298453017984,27.379642966323743,2.814534405129331,48.22959272259789,6.650261358985797,4.306984758139868,0.8361872566323788,35.51749823319896
836,0.5705019751603211,56.96178714517109,6.704774230763924,0.2783238606187493,4.167945286341462,express,22.42412341175597,43.62019630601932,1.2959835626536562,42.70509347180447,5.745499472642873,4.201770375702461,1.2606741426952055,26.823198105578697
837,4.066381237567681,30.020670420997817,13.663531401873898,0.30810351706237576,-0.7075242848103755,local,23.138579356797855,26.115844643561587,4.671048638825839,45.112372124415785,9.973827267987765,4.197474907472053,-0.7731569015573314,39.72785313989711
838,1.3466045635417407,43.00453608403665,5.766209903737793,0.18205844861537332,-0.009149391932620432,express,17.166114277541997,32.873513904140125,1.7420159164978126,37.95697770754872,11.027208065750699,3.792767136309478,-1.7337374833983017,26.87261782914426
839,1.4682632560191247,37.48859854136125,22.71157025683081,0.08192842809780816,2.676643239163366,arterial,22.562921981888426,19.75300986857459,0.7507433110731653,40.281138182905295,8.608164690401386,4.320988151274192,0.9266108734594749,19.899796649713675
840,2.0160854770828442,27.501855848407967,20.64408375238001,0.30075387616448174,6.684699961723508,arterial,19.97707360183386,13.179314363985068,1.539168638478352,47.358887397236565,0.7028082154065023,4.059227104157443,0.06929866764888518,29.52697057472721
841,1.4726035312101233,80.53433045496192,6.913026995939259,0.9680084300376268,4.8296440802817155,arterial,37.2564755437292,75.59551186298974,2.8705342604624193,29.534828456984556,0.8250317978994333,4.161119798644421,-1.3470468214554783,57.74233519732829
842,0.501872391906146,20.74345381313765,12.691547782808154,0.32036800608680865,5.763914241263743,highway,15.548519061884948,26.60449402203063,0.7030199633783297,49.16793420701023,13.285284660171131,4.721085820979698,-3.1107894164246903,12.165036745461677
843,1.4762432488801058,34.85279081298985,12.015188571693738,0.23396990317185637,2.2216088217535175,arterial,13.890410935288726,40.8240993067472,1.4733841958100133,41.93578172441341,3.2034184179460587,4.427393187269915,-0.9634106410442388,22.982970822735293
844,4.546560052893014,19.10394920473791,23.040558190801775,0.20252273165829138,7.232773083240413,arterial,35.75153413447645,17.82248789548286,3.4039365753045483,54.612719500510146,6.2719333838831375,3.9431374775503367,-0.4629458670240394,38.21322423618077
845,8.824269855336416,45.04575351857522,9.456690724412496,0.6195082169546036,-4.094138485754582,express,51.50339649076144,31.352551935112256,7.868673945310517,34.35652222123869,2.001145692170457,4.132988733484589,-1.1516509188701516,48.864712318329964
846,4.560103870905297,12.40613605090969,13.493461310917603,0.2554673320412564,9.077837264404717,arterial,25.702544481443113,7.479102599172962,4.677192352736997,48.405363794040355,3.8248641384281377,4.919746607031078,0.6919063664251097,34.20406639246636
847,1.5245330994405348,34.1519168614956,22.28895827729849,0.5367387360583642,9.531156413130127,arterial,23.204938914974324,18.589415887412322,1.383956357893655,39.37251903491112,7.537628051823549,4.061677896617277,-0.8125678257952536,39.655652733699355
848,0.5,28.846603215245835,3.9074652282373954,0.28221110895238427,3.598157223379116,local,22.8424232921489,13.810368806165139,0.03449741211948193,44.94570405881488,3.9154252418418247,4.2179465594295005,0.012401944818845387,10.486751231038689
849,7.032411730136851,28.045548531014422,13.211654478680114,0.10703519237469535,4.912919231024294,local,38.33166766367503,25.625555225301344,6.09926162676523,51.358530693538114,10.05669844266659,4.498865505895858,2.373489288752978,53.17599288838522
850,2.693528660424814,50.111700980184665,2.536150088683911,0.44598596653392575,1.8670004759815253,express,31.113805287319682,46.36802667900609,3.377636048795211,37.92350216027988,5.825971834178957,4.296836169556541,0.11746129945236675,39.574833152477694
851,0.5,30.5437243919877,14.819974363644015,0.16697342334767507,1.266510729243322,local,15.584588827127371,39.670780623273245,0.9842246501313896,45.90884517880404,11.932768117730362,4.032231846608846,-0.11551838054098588,14.68384162854667
852,3.2037639754097285,56.01605134270934,8.776396881288111,0.18170821186739358,-0.13804631377518062,local,35.93581013293899,47.031988608000965,3.3106197593585445,40.488739599153355,9.228281559901452,3.865460746983844,-0.0929277199134704,46.235148116878065
853,2.0595347083278788,26.256561430308484,23.223265756310415,0.5001072473130578,1.8284579430745183,local,28.465038687104055,12.813233540122999,2.2062869486540215,44.781551644155634,4.182493325591962,4.195455476220053,0.6690144728379844,36.1883215821412
854,2.4540335331247385,25.054482762054906,9.969820347564632,0.13928923424893494,3.9457671646199626,highway,20.231206957948377,20.44286766146144,1.2622062124240856,48.73558735993064,12.221553007845877,4.496108704963745,0.5450850422541684,16.609341647885476
855,1.480532669934465,25.602664460572125,3.2685033010009636,0.3251028939436626,3.469593465071976,arterial,23.97974387206402,19.785050397692498,1.5503586723404317,47.67201788126919,14.015262519145457,4.7944050929888045,-1.0035544778671417,21.80782837091053
856,0.6842253468891295,27.537396353046518,20.0159990622817,0.3725252367696901,8.953110750919333,arterial,22.651476036651665,19.968165162500412,1.4702087939843156,41.47049336468241,2.2406423357334084,3.5405906608522315,-0.41115292673516884,24.262804748144426
857,0.6410667609497478,31.578033120333544,19.70080059414994,0.2946453561186783,2.3509609103089315,highway,25.224990385698504,29.247575124607636,0.36822285187857695,43.08003777345641,10.210120459403994,4.993252947373457,-0.6673289452930362,23.91472974469449
858,7.103087673802071,60.000242969043825,16.676630869026827,0.4850964440384833,-3.2108999647076066,arterial,55.09904670409948,42.498898819945055,7.174721356310524,37.448076673516866,9.646534603762195,4.070215926274223,-0.28264313952563963,60.687786915135895
859,2.403863791962375,61.026546828566964,17.97148324522147,0.4028854855375881,7.7550871742819565,express,32.04483934556653,52.78761483406365,2.59965878758312,41.01503308298388,10.210834652439699,4.616172000715026,1.8266210014033735,40.626089562630206
860,5.90494316253992,44.83817911635816,6.353165224545765,0.21550595091201497,-2.2733399739091915,express,40.141251023514165,42.67339510894079,5.976587120331293,46.24257553230124,0.952193382200869,3.868109125256026,0.6174475211959153,42.0293186046377
861,2.3020847101238835,24.479365232913405,15.409284010146752,0.2781787858805193,0.04213176073101521,arterial,14.840801815452986,30.745624839600133,2.11262542835716,55.48178098009825,0.9078249902010757,3.4751222588285486,-0.07976260817838131,26.58166934339436
862,2.189829023481563,26.6355098067868,0.9124769089294471,0.254559289534159,2.9511009947281606,express,20.597071547538437,24.81281427902035,2.6801145701074014,48.442057102713484,4.77476675083999,3.609174223461957,1.244532180664468,29.173961892140323
863,0.6100444126410243,40.04757545062641,4.7253634533608295,0.28625569581848137,3.4601127879212865,highway,18.54863361624737,41.342282286667384,-0.6227053193595897,40.75995775443762,1.663379596278856,4.051069462632721,0.18847127141780046,21.956060344082346
864,4.099041346296836,17.658746545567425,22.374706741274082,0.22154838554262177,-3.0590341162569326,local,27.89089071390917,11.902662281589647,3.7156537878058553,49.00346993773123,5.808130674546992,4.43584191865704,-1.6380503640255895,31.21084454912501
865,1.9433723967018188,46.5712095740554,17.741647129983807,0.5845959666589193,-0.6126528273076701,local,29.90241168881911,37.455496219392515,2.319447045893653,39.40438592127777,13.150100162023241,4.214036605639612,1.6639646981109701,38.16798783530312
866,2.427564857830575,45.815623329254855,5.536140983742188,0.12559336372579802,-3.1827386144538723,express,19.360579439270012,48.37820911837612,2.4218479930442802,39.37260542082856,5.639326077587262,4.087394416203613,-0.15639893959995188,25.083375289673945
867,5.640180989054326,40.26289669193773,2.6731941484629145,0.5940101653991877,4.175995721628961,arterial,41.29883119851768,24.622371213400363,5.9526618149521235,43.264932035468945,6.196270592261166,4.703110493339199,-2.2560267439506596,46.179197463108075
868,10.392377289213073,62.49261180408697,22.774066676844036,0.17310014615812033,6.1418295964600995,arterial,76.35342067480012,50.29673791775477,9.22746050013485,37.623970152914254,4.379069496256886,4.200893619477521,-1.5996262123375495,83.88762037457668
869,3.7867740530447698,28.021589409757645,2.692503985443186,0.3905440961879853,-2.276433154862799,local,35.135947187299195,31.717475145375758,2.9701324293362465,41.11740499692675,6.6132465493040495,4.3259031016322576,1.1276854212491345,45.54519869405326
870,1.379216543650625,43.73914765623712,6.169681153133957,0.266196883144035,5.484809835667528,express,25.24102199258376,35.70049350453397,-0.06996511004432526,45.698542127939305,12.0639259038055,5.0,-1.5833995579240925,18.594890628348804
871,4.045878648040998,29.88017297498763,4.383215831986972,0.5405681477341446,5.25772560513632,express,34.43634458446494,23.398932805640705,3.4229175829385796,37.60759739173767,12.547924349186218,4.196382672000281,1.3492245472853643,39.711620337367314
872,1.370754198875186,31.590935028243347,0.1791316898824311,0.3768105298568012,-0.30674776469026144,highway,18.175292963442544,24.994969958041256,1.6471787364436368,43.87917062011857,6.6053550176254126,3.886869699210196,0.08104758886070158,26.023403461669773
873,1.434720190636307,70.72806915964189,7.5392345783530565,0.45696599381225456,-4.939026625537394,arterial,20.530894783262305,60.93892120962632,1.9000549825719644,37.464908356707696,6.254478148447011,4.4164318953450765,0.7138941549981384,35.981988079877745
874,3.4371605523467066,41.83351883474335,23.3802929183703,0.2940892401009229,-1.7493960671815518,highway,33.42668578176833,43.16107790296654,1.9740960317872192,44.29133157656844,3.3284493306164227,4.53034002744836,-0.2568064156075858,31.355111926118965
875,0.7685339004765582,68.88193306761322,8.205679339424556,0.3039775058059158,-0.08340155418077355,arterial,12.890173774600656,65.01926373573373,1.6319406114902086,32.29956976419598,14.646223909696538,4.335442556226404,0.5233648559222962,34.39362598116042
876,3.876871957596679,32.816353425592354,12.10331710722657,0.48150801122754505,7.395847963832178,arterial,30.445282305889215,27.974101102246227,2.7096481049332404,52.06737200367113,5.009432108776477,4.270610608021226,0.3165672027766134,49.58547136307192
877,1.1916785779505157,50.70008069146251,17.902458814122753,0.6521637427486546,1.5859409874432266,arterial,24.75909411913069,50.741788560178705,0.9755922071197342,36.72535429783923,5.4683182450692085,4.867003933196049,-0.03853014380070047,44.34056636760424
878,0.9153797237258597,17.834840997117613,13.225922449901187,0.4774306618112745,-1.5238979159660633,arterial,13.194074908153546,17.552165590858124,0.36878864602724193,40.68688250104904,6.732918450803767,4.810761245524033,-1.065438732231649,15.86864998534454
879,2.011673494395043,48.48708183852462,17.846196177895358,0.3374257569420475,2.5174699423317914,arterial,37.263732814639496,47.227860737491746,2.1443060520214487,41.58998268793626,1.6662858978071888,4.147304481549614,0.35852837570957735,29.222349505640913
880,3.9237759794482576,22.68272580392371,15.879260836572366,0.6683375077355959,-2.5337168480295382,local,40.11059304855866,12.081730614684169,3.6066581555369077,39.74445302157811,5.263795588992052,3.9104274471495626,-1.8170240975486935,43.21175548300373
881,3.415501601342363,29.4338458448029,14.605512551976354,0.4175174379825201,3.8001901757222223,arterial,34.09684915019369,37.18863810211391,3.616326285503998,42.00901725682821,13.993478213351356,4.393141279415807,0.9315013216956831,38.83235047406967
882,1.767837161727342,32.51228903405532,15.591573773081883,0.24633893528874734,-1.4218242074511744,express,16.71303166134706,29.17693705796502,3.0660971371741157,47.244636479456275,1.5792607613821723,3.9078449889081974,0.19699503804657761,29.224342456850767
883,2.3601605639453407,53.12737606689086,19.179944689878024,0.5312308248315868,-0.9138330906670156,local,39.57197603145523,25.92010422563253,2.4424264859562044,36.155894866675766,3.987036214593495,4.598322750649363,0.46419650808608626,37.44319315874385
884,6.363001910121512,52.78942208581587,17.0445934752265,0.6609247042090433,3.3142221695116225,express,51.64665066959001,56.48769898722898,5.2653580082019635,40.16376199684893,3.657389512840607,4.390825324302108,-2.6169065733951613,60.25679775589467
885,2.762912282540537,38.13437282236512,19.002598096924597,0.6644329332271214,8.125817889807768,local,24.434933659723292,32.44960141748499,2.8554762763309274,37.598424959077526,3.9085081546390765,5.0,-1.125733704213923,36.78821933205189
886,2.603447252728999,48.32185463579329,3.494343318804752,0.0448247544934398,9.69225646082564,local,27.73402898610343,38.30511871236454,3.8992139248460003,43.84771419732341,14.341928658482548,4.8629836029993925,-0.5057661930193305,41.04093008847525
887,3.0910314414390165,49.055948369037736,16.26416958505297,0.13485912338363942,-1.639529270228398,arterial,35.16912001227274,37.45777465737168,3.3070005083582816,33.24971127747427,10.774054546549102,3.7145667759119814,0.6736782374305907,37.92869137771625
888,2.400145183476177,62.50446086311685,17.688525895812795,0.29679542273003007,-0.08812214350361725,local,28.041217625967114,56.2053048133899,2.9166855523765514,40.92959732743896,13.836980278417236,3.9665450932757773,-0.9428109368698162,53.160342449127505
889,0.983582116856373,87.67561618030449,7.1991943799240286,0.28527898937250207,3.804362997630756,highway,30.84381280574713,68.30555132069779,-0.3896372547478396,26.22533221924279,12.935353487927685,3.338722349518278,2.5480037543006997,46.74904559485129
890,4.875014148336909,26.03102804985515,20.989855868238777,0.6248616899123782,6.090762719080469,highway,37.371080173946915,18.08802860368175,4.6970156126691185,52.065602293491445,9.558818347157265,3.2380139370086694,-0.26331262601773014,37.528593992773
891,0.5124201041333855,64.18181753161669,7.31307847926481,0.4422503645938296,-5.0,arterial,18.132871140825053,50.684398175192364,0.24676389377952396,31.49890485546036,8.61722543529755,4.25122209029164,-1.0159955049659843,35.795075550623416
892,4.351525716096962,44.825505470795825,5.851970865035935,0.23869737294391571,2.3056788661720473,arterial,34.28649955194148,36.055950344260786,3.3722732548293326,48.774014739747166,7.881948594666115,3.663427332168748,-0.186849870925554,42.72053669349574
893,2.227065427701906,31.07368346969921,20.81032357153227,0.31782511700447313,0.294999582026366,local,18.319817497798823,22.8061732011213,1.9865050231245727,41.21160026897259,10.498230355823058,4.938533579233141,-0.950947460073254,24.739061258054697
894,1.7821915086873037,41.84304692760282,5.928476114794241,0.47833277247311734,-4.734074196606088,express,28.960336054064665,41.53628881004643,1.6908795428562924,34.31462565675417,10.676459591012625,4.7210619553584525,-1.1843414858928576,38.66984018693938
895,1.7473217982654834,34.422830559085234,9.972059098363204,0.28641059618981196,-2.680087229973295,local,17.32774666825641,31.156842108806345,1.0730760968453574,44.27274274437178,9.192133789530121,4.077827504895463,1.0109796273644054,36.7896720297747
896,3.509820477603641,78.01372692112787,8.830147920883654,0.5485706113520395,0.012789391256686322,highway,42.15908364928166,69.06292505136867,3.3096094380102596,35.434696857341635,7.009650504986908,4.0522594018459275,0.5132406113507127,51.87100632935885
897,3.288521528110358,33.999846994925754,21.553483741398537,0.27248686461374694,2.2058525699385934,highway,21.689968446481025,33.174085440307906,2.820879697060213,47.41822622280917,10.292771353686952,4.868417830554306,0.5161444282045198,33.40455702892684
898,3.805395982424414,34.31278785333808,10.925657718911143,0.37755097713325986,5.528360010924505,local,25.893665718603987,28.514209784177456,3.986807483794866,48.60294676638743,2.7719204494654575,4.971573281544732,1.2767530895837391,50.321958668898205
899,1.63326426781519,39.06532764731689,16.663414399109172,0.48766866789724805,3.2402184027872263,arterial,17.472998581210906,26.063363196352597,1.6519977136901298,45.54714516153668,8.49723844628381,3.7803309414177586,0.486671988987686,37.740132917799855
900,5.068474044428124,59.94417264294398,19.056933711451897,0.4598281382912449,5.3163880300867845,arterial,41.847116103430054,63.588754102140555,4.86236532706475,32.81602037471164,8.02984794300173,3.7224675872233455,-1.0674070700964728,53.91649684065607
901,0.5,20.12784142896555,15.06968593793223,0.07410881608465252,2.0935351754654183,arterial,12.950577294647989,23.601407797026603,1.2335103749493304,51.87909751948212,8.252785444289444,4.06450898382311,0.7086435839600252,15.652561521345952
902,2.228352077867148,33.67896866404926,22.648667959797955,0.3753377764782044,-0.46731081427949395,local,26.13742281484218,39.916912461990954,2.4494815579518034,44.51696965723869,7.906871544519048,4.3940362674177935,-1.1266187233390663,23.870353593447618
903,1.5645511635997533,57.05087197701683,19.260180702144194,0.25818583021673713,1.3568751614529913,express,17.021425563674807,55.73501012719446,1.403228533152475,34.52944146563608,11.378818670777024,3.9688477546488383,-0.47803868230423474,35.89428601127065
904,4.143387874510647,21.97786999620042,9.604959064196716,0.1893517943723413,4.434310716142239,local,28.58393888617537,15.458589669711982,2.059509127046462,48.745351762152204,11.483646929008852,4.403496373872895,-0.045718114678612205,41.76541560537157
905,7.868463145360565,32.769199920673444,22.819484238184398,0.2410358737920504,5.613967592643741,express,45.069626957080445,11.417974364270368,7.492599225860516,44.46186506375164,5.278949938902121,5.0,-0.14718020683910382,57.22416514967851
906,3.7526686952544384,38.6073712734314,12.58979599851202,0.26673279631126257,1.4824386044465359,arterial,34.38518725420748,24.212590603722465,2.64786318392336,48.548293086623545,5.585915916851086,3.567285961276094,-1.791183150717329,42.20242079483463
907,3.471654607373947,42.7853461814143,0.5418557506775015,0.419625136285812,-1.251903418340635,arterial,30.795165919126656,40.82319858115981,3.0554988868763178,39.26563630199417,0.7390475793677287,3.9994458539718463,-0.967604546336397,41.597235371720316
908,0.6610028747813866,46.153872369024484,6.240318711669523,0.12401223089931097,3.1748035582053267,highway,18.344270984105748,38.51855607831531,0.8917401755110714,38.65934332589019,2.1427934496572254,3.5758536380274326,-0.02250865281305816,17.206278144560265
909,1.8888598649924677,8.303854953365416,14.921510088894397,0.5658057345153574,3.672933373447772,express,14.431001462267986,4.119327697950391,2.7663970975261907,48.58267748343603,4.303713609031599,3.8235368346321525,-0.6106867104366032,21.72400884087722
910,7.492730850972362,56.10517366067286,3.7635576557864816,0.32690509383485644,6.314516801185912,arterial,61.31819105185044,30.220523100012507,8.217316007035302,45.10203159269845,11.602799909147558,4.067395578540396,1.1262578483760128,60.81066013556679
911,3.8411802256881096,34.07030151275004,14.017633077436887,0.4345855452258354,-0.3756700553586163,arterial,25.535807958364668,28.867865436127563,2.7200875736221666,41.33899275839357,12.069395526406211,3.8727549758576094,1.2974857664461676,40.72976804996601
912,0.732253309544614,60.60755017488914,8.678352535380714,0.20011062239956728,-0.3372903899299047,arterial,20.630684091479733,43.94396779688966,-0.3936623224998187,41.60486663251414,4.096219420626298,4.433989904856602,-1.1203859828040275,41.525416867437585
913,3.2230061370957026,24.978634890168657,12.825251521398577,0.1257438057873454,4.6465606913885145,local,26.165538588069335,16.161161591281903,3.1612792587355925,43.129371920728715,13.111451278074252,4.267930327405767,0.059754747080010516,34.603937437656334
914,1.0640336804964239,37.430039534570525,0.04499634895806892,0.3147643694902962,0.5739825014681188,highway,18.339779796214753,37.766262282664904,1.151572515677097,45.16795468942183,5.947620551432319,4.334558586284295,1.5827174845015528,28.67461599474535
915,2.2580591983304363,33.649768961932374,20.36211251204876,0.8183977159343943,0.42610536062313487,local,22.836524230249697,21.398309939054446,1.0707525761581123,44.318311474073376,12.071753294487944,4.061985999165304,-0.1342179052163372,38.77999812066315
916,2.570567259267959,67.74782505945457,8.686211706612681,0.6212749981510515,6.389489545490853,arterial,25.52003148848404,51.04982616292404,2.3002281317970965,38.366576318882814,7.269379627805977,4.103426405755922,-0.4069794753197185,50.97315307217644
917,11.844829757743907,50.96672805962153,3.363802422670873,0.6883941387972553,-2.798519621984104,express,69.4988400224918,44.62078114254914,11.138379538566923,42.68670860288089,10.832708096135027,4.042189253579956,0.8602209602802174,83.01299436090085
918,0.8612719880819749,20.87501288718374,10.509980568121918,0.3491276208097041,9.196710989214289,arterial,10.416940678091843,23.850295595399345,-0.2089765884693634,48.36680106719846,5.666539506406476,4.08810402152027,-0.27420179821898005,30.440452999334674
919,3.508716959087503,25.442824703691045,11.668255043732017,0.07917282618114352,-0.14422394587739396,express,35.17863484517669,18.807459730289814,2.3621769494740232,45.060503218798836,1.5237951040087612,4.388554190043184,1.270870183159541,27.155789976538955
920,2.640988677590651,6.756271663909011,15.297665051908535,0.19683301226594754,5.033549409802492,local,30.678473519537913,16.013338749483008,1.8615618615417833,59.07929903270309,4.183747272167258,3.3344291914986455,-0.5947465284025433,28.18768766146355
921,3.53251136632991,24.48876400166114,12.589498568454713,0.20210295174416404,1.6192011832611883,local,27.040385597592852,11.864765155935846,3.0094520304941854,44.70137508933269,10.607791678541576,4.3295735969391655,-0.47458793414199046,40.938777642540984
922,1.286298717932899,52.78148146512625,1.0445659696095033,0.26656261996978386,2.9497679970524757,arterial,16.70930055137913,34.68587004109845,1.7128460507599814,29.561535221025004,13.810376431306272,3.8090712463886964,0.7901564670957,36.37135036711652
923,1.5532397427201323,48.35371122388705,20.916295729866356,0.4240327017676445,1.0802472508338319,arterial,28.43777934889583,30.325652552307194,1.1367312295879133,32.2115594032663,9.61022767595212,4.04751406195553,0.10054372348197903,24.52287921319232
924,1.5085668944691184,40.044647253464575,10.95621436288707,0.21964719249884984,4.998018282115408,highway,16.791226926777995,22.47266381457187,1.4019636658418102,36.08706604250866,11.649825708419211,3.4973101956734256,0.10840605711956422,20.911664218769026
925,0.8908143165878241,33.26653859379912,1.8477065407922142,0.2597223161327584,0.784366440931517,arterial,14.880059227971474,30.632400560850066,2.5986751491210085,46.883375970394525,0.7047894326124309,4.038597732846029,-1.9093314775874923,27.39124477506733
926,4.373472775574071,52.88629137301939,18.54787767670044,0.6089686046829873,-0.005312651457854312,local,36.216206809646074,38.108822431342276,3.1710772718736657,46.77404578530629,11.520914067028144,4.325047814903267,-0.353413327556478,49.36720379079037
927,2.5078004682629786,31.28492481255149,15.843706050793639,0.5038586589698543,8.34669639054497,local,23.18455055977421,16.720839543724235,1.7346257035956505,36.446962551286866,12.615293771096297,4.405687960635717,0.8640374561567171,42.605232975424116
928,3.5467681554077926,11.300835947446465,15.586506546461322,0.3914811702401878,2.1028394395479215,arterial,23.630445201520477,12.264287421278734,3.734562439299744,47.69656734262746,6.483443165535889,3.666150817097634,-0.7837099821340217,39.06421507452978
929,2.648842173228355,33.70743484133974,10.245936041653465,0.49375826404648576,-0.364934463568392,arterial,20.23670701820845,34.418964345473796,3.1743925088117275,44.25635619865793,7.661424488143249,4.383977378073354,0.7006680656398068,30.429044968269643
930,1.4393937429764534,54.68080309085537,9.851929502903722,0.38692960015867944,-3.2160030646916455,local,21.931628215876817,53.83469140563486,1.627295067595604,44.00392773510824,1.2594097214564786,4.712899249033606,0.2679898219824301,31.248385408831247
931,0.7970031367051427,22.279461633285887,12.872127273296227,0.5948092009769712,8.52952310862593,arterial,21.56176291869807,25.064533640981423,2.164476878046896,43.974793031451206,3.032217016584136,3.977839482201239,-0.19971510751456176,44.07831986436659
932,0.5,30.635419436115164,1.2142659095784785,0.2398059523364726,0.06826118240661883,highway,15.021037335756924,19.613382258399767,0.7039647478975914,47.69296155442708,1.3189188536012852,4.200410901775388,1.3577546629356707,14.277737314425602
933,6.707153709088195,74.6625338200044,7.174986341230101,0.4782692569668557,9.216433834754017,arterial,54.62586462357597,65.39579049815167,4.455555391371529,30.644344346411486,11.104840851147213,3.269154045220935,-0.339844025746576,78.10152515699102
934,0.5,37.07152432683937,23.709460165496964,0.3831233390870587,3.3959902299450873,arterial,6.160111395583474,34.98889671956044,0.5275965499578872,53.54094255543513,12.098028639721464,3.796334674961769,-0.27014703454322064,19.21726116481766
935,5.474073057764735,20.233669248021222,15.892619739073819,0.3341681726946325,2.5000982010585795,local,40.49449515059835,13.87443614519439,4.469878852710254,48.83972403073748,2.075669359557259,4.321734097739163,-0.21113638434942208,46.109884949000495
936,2.410474887921266,40.645756930661825,10.05441997001573,0.33571142181606256,2.5944533431479915,express,23.04016117865602,35.70215811839555,3.2764767982136274,43.557605169750644,13.863142333747815,4.6299603318926685,0.08052490799843191,37.48151596569926
937,2.706393801921534,50.92900610746643,5.336714470570873,0.5265008385944803,9.75582828746843,local,36.635500417100396,34.528327581614676,3.2074536731014023,39.005324327629765,12.6731365898509,3.9303249941508183,0.766957568714776,48.98718182892428
938,2.583504505976448,74.61904808614719,17.885024685605604,0.3112188137580913,-5.0,arterial,35.36942894562534,59.0329896405657,1.0534014342103148,30.33310167586518,8.856132103750394,5.0,-1.472555194306039,50.31861187897925
939,3.253104733390473,43.716661544422344,6.246967432948593,0.24634848430606393,2.750195318276268,local,27.678112116333736,39.76167345187557,4.008048710921459,45.1917862036694,14.685177523968123,4.341250338090675,0.8680452682712921,38.73285048019846
940,1.1856886520980572,43.10916121813772,3.8968824923110885,0.4918952880654307,1.0717873736447996,local,13.890142865002808,47.19558561584743,1.8186140019272488,36.44735084538467,13.295780803963076,3.6269894059106265,0.06809806770382897,41.34452216856104
941,3.4003154045573845,58.52815866825793,3.7083576056228944,0.3928415129654936,1.2541731522092796,local,46.016051579492824,57.809012161272115,2.800714160820984,28.6480197719479,3.7283058585607862,4.779232220059816,0.5540345798013352,47.39550986581181
942,1.4153708306153674,49.59310229135616,17.502318699953577,0.5496189082812313,2.5225914824966633,local,29.04398214851059,46.780146291792974,1.21108023206125,38.42205299793658,14.333517460648732,3.636175591058666,2.391850416592858,42.26823727361349
943,3.067844494301019,13.939992047553961,15.427446102929217,0.16965778223409125,1.0681104767635565,express,27.035759384431934,12.4068935118443,3.874801677780133,53.74094170391555,6.922911357949096,4.347792161429041,-0.5116604011541551,22.166483589658498
944,0.8987060194823767,41.749255884200934,1.6753463849095347,0.14617254101722682,2.65845733515907,local,28.054014614544162,34.96025391074356,-0.7683741150858237,39.85977057190639,2.7455557230534704,3.781841521787303,-1.2246705712555066,19.205199524784103
945,1.705327762411473,52.376886590001774,2.7610275686928603,0.41975773352810475,1.9174788824573106,highway,27.416113709436846,34.387153924287944,1.8911133902020825,39.19338073323592,3.401301468570512,3.589154497789037,0.19379902849177966,30.89457028130154
946,4.342399275113441,31.15747145462598,15.21232481648585,0.180403340461425,-2.5974536236462713,arterial,39.05945741724409,20.635304999205545,4.7828870557021235,40.40916659710245,10.420820655460407,4.632968485294677,0.3521668363884773,36.48340148825908
947,0.8248616021503848,29.708703143102397,13.706786444931815,0.3082331479631167,3.334781132338077,local,14.3960813522407,19.632413689481197,0.6714050173657187,49.72157600231967,14.819596990711238,4.0831003664492735,0.8716093293922589,23.870748570363766
948,2.4903223079096466,41.31377090129889,16.463977448923522,0.5815313461320695,4.506190580948533,arterial,31.891029378705547,39.1400204748886,2.7596179276321138,44.05044456776372,6.956439569175186,4.976552424552114,-0.5383767439822253,34.81299545318675
949,3.0324749164028404,43.41142840437265,4.272933800718287,0.339719928223509,0.1027703387217076,local,26.744767476768782,43.51434854411754,2.8117510540088153,41.37604489871403,8.810453611922043,3.741929885394399,-0.8301068710525711,42.0596017575708
950,3.1841346803076296,67.43955006080176,17.43810974921201,0.29271660826412726,8.537636273784248,express,33.10959613865979,62.479631488366735,2.238489796507332,34.857620916797494,4.853474038716303,3.498161684261662,-1.532970853122284,49.542325819158485
951,4.376672919439078,18.750670963542696,22.466315215933193,0.3348481279257116,6.6745011098243285,local,30.979419266355183,24.21673538549988,3.291781613563768,43.130801401905565,12.759134010057272,3.9841505320894086,-1.3674935288779129,36.033384674140066
952,0.593520764541206,26.621414492142396,14.42520754885059,0.5741991305441378,4.953833047099099,express,10.061555731628825,23.134005179006394,1.1037121019903742,40.4696040961546,2.1697613669420495,5.0,-0.4159622212982152,18.6938002215765
953,7.473092935726483,40.557773818042264,4.707120471426813,0.33963854171602814,4.91137260409805,local,50.89694227119201,27.59359646717872,6.217218261723314,41.66542507606192,8.942586620302734,4.575262023315176,-0.11658493591911696,53.192383539338145
954,8.87864835403337,48.986923926735386,16.309052526818558,0.13045433661860079,2.105339334134607,local,54.823521490753606,41.289355063280276,6.771118767913425,42.097953391643884,9.000197022763464,4.449251856181456,2.065134166396841,66.2122310705307
955,0.798626129369956,75.81718205507215,8.233960405105545,0.36871713886839874,5.994802366570472,local,17.179380164684268,59.37074511378397,0.8166824698101599,33.77492578950664,0.5165262023059306,4.4641226445701605,-1.692583315718176,51.04317905668557
956,10.100248108935732,42.48062966891138,1.182905913257314,0.33280837302815625,7.497641142217357,arterial,59.17258745371746,40.713555160867344,8.67975816126735,40.138462856814336,14.138154609296919,3.9818204512522186,0.33540132718303495,76.1078011953098
957,3.6681858759221377,78.79240070224976,7.256128688459963,0.5466068732730229,4.82808404484182,arterial,39.84892544674272,64.45992877523055,2.3420807881381553,33.25057946794473,14.627964587966291,5.0,-0.7259358533029165,55.92257557274715
958,1.6413219542360007,19.641512496210204,21.734042446803166,0.39987080567407185,0.004008303656721557,highway,22.970617895789818,16.0055643011375,1.5345877052667103,53.990970749443086,7.278364879097997,4.4061384407639315,0.22286672362886126,29.65097215394023
959,5.485896705412243,23.83785251172868,9.867343684223405,0.4050419065157628,1.8611149659968984,arterial,38.3820620219831,25.11753024266696,5.551128426940616,46.68389076679295,11.021802948325567,4.363942327613385,-0.5532358731765745,40.66216395936312
960,6.033875716712816,30.108884572379083,20.751968112746216,0.36461986206375896,4.007845115416314,local,47.8368564765656,20.40489185938126,5.44660819639467,46.47675053060587,12.806323154357264,4.643188327281077,1.0353845870457408,43.836313326700825
961,0.8240006858432399,29.39699538306848,12.207824244546998,0.16072145941008123,4.932107164161504,express,18.579497345744183,31.735282176363956,-0.11139206759368336,45.02804194492279,2.1922222125301847,3.6270405493588296,1.0291903943055845,11.819678759857105
962,1.166016624344018,52.31838737678758,12.4074717350304,0.16882126613209641,1.7288297490975724,arterial,19.8314210119304,35.03745480655215,1.4348578118324578,38.461616018825495,1.726974024158987,3.8042938863788116,-0.11310103618975793,26.0308767855577
963,2.3990943775974936,54.17278940321579,0.12519170555746406,0.2951059219815555,0.01617008512524931,express,28.897671175421323,48.1927277683052,2.987310045498907,38.83620862690546,10.494992388708843,4.089518749428326,1.4391119471869638,36.93441624619971
964,0.5,47.3190179953706,15.29049775893533,0.09047953220375593,7.544724455822412,arterial,16.3723414354426,39.58487231480676,2.2204273306375377,47.436392693196765,8.612638527718243,4.6460976982950575,0.7601086703852606,25.500510930040985
965,0.5,31.866695056508075,2.587532280730086,0.38285696053922946,-1.7531190008163513,express,18.61482199569377,32.87808337299972,1.603475224212547,48.33538307095132,10.351208290391465,3.6158761442678276,1.3925589635386457,16.013390774543208
966,1.0556607798177746,42.02500297454415,11.489961952369303,0.20608261690027538,-1.294661144715214,local,20.325497985397213,26.100634795314633,0.1458079896770439,45.28107160888492,8.793949361965609,4.169690511433428,-0.04313721298796677,24.174646845866082
967,7.382760752298418,53.688522605956834,6.247604535794374,0.13755454590244032,-2.6449473332549482,highway,47.57887291837098,34.91970635552483,7.330950867544253,36.803362661403796,11.032680704017668,4.1060177158352555,0.9517987481847486,48.01515211277665
968,2.6668520834793634,48.84170608239484,9.417191179903558,0.44506495061955004,-1.3024278686851343,local,30.014336822194323,46.76576087106357,2.6053860116575054,35.864657678875616,2.7461842457105123,3.49152638656844,-0.7682630869859833,36.1357015857267
969,5.165599669901776,29.147396915715387,12.889856536003219,0.15828913658284727,6.365707069916512,express,37.754974846703405,22.038832387513768,3.727360374216174,47.49734441594386,3.6264630168546588,3.970980762446901,-0.8696590344418867,42.758215045237606
970,0.9451532486803084,48.6992056506307,0.347138750447348,0.4034639575100242,6.482914647796211,local,16.952226958241372,40.75871007665866,1.0776740932698539,44.55829164568981,3.936835907443303,4.444013453177866,2.1798256401645753,42.600266243105146
971,0.7901643521909177,74.76959162349543,6.830005998518947,0.6662273482568839,1.7408406293719056,express,29.92123029153607,58.935908753607144,2.246089275297499,38.13028541056886,6.539541431104741,3.532528659438832,-1.0858718883835674,51.18622171399461
972,1.9216551464006149,35.628823171203486,23.75068642300476,0.18182372491488236,3.737100384448732,express,14.501492400282821,36.67417235431362,2.686181000335891,34.13715684174639,11.513624912821586,4.835100567169032,-0.4361056326903938,28.228127058882684
973,2.38393344284399,23.150484261751664,1.3775790196934308,0.22580807428143362,1.9632339783162942,express,27.47770411749853,21.77242509535919,1.33478025357028,57.388791743285296,12.555253764503625,4.410620423444615,-1.8980068289154752,21.24406639888468
974,1.8747365299607108,80.51208018912371,7.66544371577684,0.249490092941535,-2.171918890835343,arterial,35.03232654499796,70.11991677715444,1.6982366504725903,32.01534355037056,6.318800770282286,4.355702993099134,-0.8458631214515429,44.61261216772322
975,2.894295229666605,71.40576499615165,7.714115399151558,0.5594766020295411,9.763374526860517,arterial,44.67739502090978,52.50755696950487,2.998205250945422,36.09503875375059,9.229721805534036,4.203684635077533,-0.9942355641390653,57.56980360249987
976,6.594768793101837,46.521334981756226,9.105262102386302,0.33170416593344193,6.811589877744919,express,40.98669189573471,43.0536736069236,4.551369032480336,33.420414736024,4.780086806731936,3.7084551121168934,-0.6702907060286708,50.38081965845472
977,3.816176992005291,58.17906629440082,16.43474204261629,0.29379958031667075,3.2404679186539798,arterial,42.10844759445763,42.50671591893834,2.078209081853093,36.0110576039878,7.398765128795302,3.9076364173309424,0.299883779393612,49.754428076764086
978,3.7307542186783347,46.80836097001938,5.94585116839115,0.49574954310439334,-0.9956147283729444,arterial,39.243881430819386,35.177235630747546,3.48138107209743,43.25738429037423,14.143202666962736,4.362834620853204,0.5410353822679319,53.51354271547554
979,7.171107665842673,37.01336788182489,11.046464259265267,0.2783404002492626,1.2127296799057716,local,45.893467195500364,21.903929046055104,6.58813693920562,38.640317800080155,4.4046456446595315,3.9067551579848643,-1.0068095252658023,55.379938671235216
980,3.7541043039211077,34.9697041776741,15.47672560445878,0.1654919206944762,-0.42348942996989125,arterial,28.53104712493114,28.628458228932107,1.9076387267587949,32.62485942543864,11.925183202745425,4.2849370830342535,-0.7896665472957463,66.42782832144954
981,2.615438685539165,71.99626347306754,7.735729399886127,0.3449535495784666,2.3415378432496414,arterial,28.907689514443256,68.64813677257858,2.6642736375513496,34.05323526813579,1.1118161140626195,3.795503406339818,1.0835102294387722,42.56530429226969
982,0.8275896107942308,17.28460201561292,22.77054193207811,0.2621766074868083,3.0847311110977196,arterial,7.108600240830459,16.27877663741324,1.6144008125135414,49.091135527691236,5.506022897649167,4.403143460851645,1.7052930687764922,20.389616856492164
983,4.444987280919718,39.415819632952825,23.51214323862435,0.10285345522827598,0.806060771663732,local,30.43201876216459,30.410700342534376,3.8258472177441365,48.73489555116496,10.052328453162122,4.436736269098157,1.255916858580378,42.74702568654937
984,1.851633256389246,33.74045002251765,2.8721656245002674,0.07782079057799626,-3.0904446351745074,arterial,14.865474399580691,29.44340674584832,1.7143193597032642,44.08254950855025,11.752013899475664,3.4675401048451495,-1.646331119414162,20.20262744935421
985,0.7096633267363167,60.06963740449331,8.251677225619442,0.1744917685441244,9.462206450005594,express,30.259876459975665,51.78448959875883,1.0958263674100825,36.28325006923377,9.086685575888694,4.230288841425444,1.1894071423900159,35.545090981960875
986,2.0790979250705517,34.43092514597869,4.9913296753554075,0.13962810427029615,2.831343613909728,arterial,15.118625099939567,29.728767161567333,2.2224115535987408,47.18217627021312,13.103720956424855,3.515249432449345,1.8536888565143366,35.627509518720274
987,4.567427313930054,47.05494567159347,4.482950293370764,0.3686680926682072,3.5980720006804954,express,38.49332881430731,41.23804483267321,2.7757865808048754,44.28026185557147,12.401394475309916,3.3625315603244834,-1.6959492874086513,77.26407643718639
988,2.5232798722737977,34.60126207899267,11.783516120118708,0.20787645889857637,0.52156714873755,local,27.18494501152888,22.13111228952858,1.546854931355523,41.36887472786728,9.453822986926344,3.9327484872694325,1.082700556837103,34.59718495702431
989,4.224278357203828,9.769431927730707,13.531850595237094,0.19266170056930024,-3.4670389036522478,arterial,28.909332294104246,9.049785658782577,3.485167772532558,55.46184205885027,5.5477834747362715,5.0,0.2252166150695458,19.99970226824955
990,2.946135364607686,35.666803994826914,10.21564897434238,0.15998846677614456,1.7084481418575719,arterial,29.130691405472128,18.03004481050015,1.9628601875179688,41.89304656028117,5.7738025117097616,4.548924578861211,-0.3271377095978294,35.37556520370373
991,2.093245905852884,86.59206244227086,6.541316954336657,0.42967951703805557,0.8687229685458486,arterial,40.350259486076226,77.63261833475808,3.057496113649303,28.229108648148948,9.418905283745266,4.826446819645652,0.10618284774919513,58.2933404976394
992,8.184226123326782,70.32577610083197,6.6869177820873515,0.4713321161289656,4.48337033251852,arterial,57.42773806561503,52.05766534233451,7.8733842616080105,35.642681908721904,10.01999957231746,4.473787442335662,0.4432605696039191,90.09329621698555
993,1.3160383308614112,32.85083357591444,23.81107575217754,0.4248568163697898,5.171271506816595,local,20.711393185877537,36.166393350639694,0.2966541731379906,47.67558166999809,6.221508055166709,4.292449522936272,1.1575850523338427,30.679024148576065
994,1.6403070933188744,40.81612163920077,22.168256975766013,0.47354580213187714,4.677603178982797,arterial,22.26085012638984,17.577049547688027,1.3048077777513831,43.08133152959491,6.26400220453913,4.602926227530454,1.106014529454586,30.297194226085136
995,5.783585716125777,47.54504525785884,1.8215721837445722,0.5485235442483327,5.458953175710022,local,50.741291356787514,52.13426306686701,6.109540854153462,35.31721802601289,3.06330597844041,3.9121928841018683,-1.5069273189031764,55.79462300244947
996,0.8676810722141277,36.89233458356641,15.757215647907014,0.1408044058301138,8.312830326168093,arterial,28.224230079873134,19.883939658586044,0.2639214518820363,36.16967197632885,0.5041690804042631,4.411731577528849,-0.6486722521746818,31.116177965415527
997,3.331712794196184,9.95089418095597,10.965062579636264,0.5984599297763872,3.364481088374446,express,19.204535141768204,0.05871764985265493,3.679808598251972,50.065987933262626,7.191627083261488,4.729694015591176,0.09356552090821636,33.93528362873595
998,6.599655796291966,73.06515325139489,16.53153833277989,0.2698935092855539,5.84725537283442,local,41.966748132026865,64.19877952927266,7.046233969111293,36.42580644084948,12.547198144532679,4.5147397749044,1.5722187369244698,60.69727119583398
999,2.2233248946576403,35.64170768837771,14.327056932973283,0.3847191708266699,3.7285120084250494,arterial,27.615391416630935,34.626456426093114,2.9739051769091294,45.33683911742432,11.614848144796824,4.759250984266501,-2.727491521928071,30.023749675213963
1000,2.5114524574864987,53.20440131210715,21.34205760197802,0.29928274020971,-4.650123899922711,arterial,34.85478246957991,43.240043129678725,2.4046305274049122,39.40824615546859,14.912134902312177,4.2821700718328986,-0.6108354062237965,30.562843861780898
1001,1.3224634431703413,31.26256029860102,1.6077195429318003,0.06631125202445196,1.4591790105930187,express,27.945291586323293,32.82141861961597,2.191037096705539,45.46050318050486,10.206383800661522,4.96143629332374,-1.5278906735871056,29.611899122129266
1002,3.115778213885202,55.47048781883775,8.390349889384932,0.6779717988768426,-1.0369902741632422,local,38.30382003309521,41.57403487671967,2.3864099792284335,38.239317430481734,3.8917382975633497,4.106295710782219,-1.3693775580968974,52.40275539986386
1003,2.913098674224374,34.16201497115037,23.651859018614033,0.5890910285096528,2.8100166574652623,arterial,35.548947263647065,26.239869098003524,4.610493877158813,39.596848743819905,10.321557626469597,5.0,0.9857350954427524,27.33745525524337
1004,2.127501730952701,41.35475111987469,4.3748483757748025,0.28648956510550744,-0.7685355575977297,express,33.40455452556867,33.03699285451689,2.107431191005062,45.1414028104877,12.512942492655808,4.458123340077369,-0.5318855929429549,29.076720153296563
1005,0.5897234818548717,48.71061594327287,3.056002548159533,0.6883918495871235,4.1198831151061786,arterial,29.135939281956908,37.63525254453419,1.4481864633573012,42.395257351532486,9.79445665004602,4.027224184877961,-2.333697974688466,32.64760515056057
1006,0.5,65.83643869901785,17.49532814401381,0.3912778436812104,5.433598343488582,express,28.096208283005723,42.4217228734266,0.1603929127879088,33.04545066955911,7.485001198814226,3.6693914171417346,-0.1584390502327751,30.661228358911547
1007,1.5440477672802229,54.275265665250195,18.658443840419125,0.49267779017647634,6.212495161070556,arterial,19.941114535280818,45.961306349903204,1.789174617153394,39.48009524267854,9.468430928390095,3.8364040351182473,2.0358594884606926,42.942664302093085
1008,1.712347396379598,53.7619300861324,16.134565144191846,0.44152722748588413,7.667415465334936,highway,26.699014760894954,44.89259049729342,1.9758834412707382,31.12216866170849,0.8741378516289203,3.768287250184546,-1.8066911968238026,39.08603294792886
1009,1.1917676231656877,60.36234735541096,18.62869989023821,0.5590515246042281,-3.8660842942481244,local,27.938121440752983,58.85527459807169,0.32952392143710507,36.493384408053586,4.344131353883675,4.160076357128468,0.53293737547147,41.19638116209065
1010,3.6782372567901622,53.05541836020393,16.649317730236135,0.5669521380721436,-2.1965001223138643,local,35.559972219193206,36.09549469624608,2.54365883518174,37.41696917202787,2.787190778146785,3.626718748929061,1.5677038118137505,44.57925248831545
1011,4.303307419584985,39.13322458496156,3.2584963749402425,0.5518748080403367,12.247353151815913,arterial,35.543037047781596,28.787389628729485,3.7093746324884527,47.19321463591278,6.494523814267736,4.781741301912264,-0.04942267967736986,42.802791943575905
1012,2.758534183043503,39.08358837780155,14.59732553948417,0.27089041467839814,5.533333019508403,arterial,35.202385658643614,41.64548869979613,3.3669467998159455,41.9385716285625,13.449029809305522,4.249825293481948,1.928000319732121,35.94621696007101
1013,3.505753104811027,67.74002741038035,18.645040381428778,0.3361247974037611,2.7855678986645414,arterial,33.575160570510285,59.632045327813756,1.6900356792539093,37.480400235602154,3.225267396783586,4.2315673554859625,-0.6598108189614814,47.92666722251396
1014,1.2069931845220856,38.36005696259755,20.772398551787226,0.7935745568790988,2.112131286091634,local,26.833816460849608,36.451706221302516,0.7960144903157202,40.34014375273254,1.529276848077179,3.675575926876224,1.4459400382797327,34.67515461094241
1015,0.9732761674609193,43.31490528663934,5.909645824408984,0.5776740245714729,1.8009894851677826,local,23.37960016388831,39.99170485702015,1.923846649007774,31.705777506564843,11.765368126072062,3.8539330333842328,1.2099372215357787,35.864645315697054
1016,3.1595373715296535,20.780344908697437,3.0583382625249254,0.7671573767504684,-4.76811295137397,express,23.33771898935757,20.8683947044347,1.85788011962654,46.329436490648895,13.084593784442864,3.2008346947145947,-0.03253267875588392,22.2858550052306
1017,0.8572460578987213,53.70813543661781,18.746170645981913,0.1500338157540106,-0.7031518661822229,local,16.040558644102326,58.39926508505891,1.7746419827134492,39.37452075796038,8.205224875967541,4.928012313214857,-1.4872041554124842,27.51187654672875
1018,0.772286825916601,37.4117367321149,6.157160280855969,0.3036893792824028,1.6085334192336942,express,9.717744326701178,32.44076082815989,-0.20717623792919682,43.772450236554754,5.960215291377433,3.5620275103080616,-1.001729924926869,21.102805737672135
1019,10.949739416815794,35.69550767376592,0.7663074797012959,0.2614502917266091,-0.5055095641113532,arterial,65.86197567227647,23.261778584801856,9.121532183866695,44.432249135510915,6.742757095425875,3.5961433156203677,-2.344187087717185,76.39632714672538
1020,2.3293440771376814,19.385125767634786,19.8051255275833,0.5830587805237091,-0.04797596692295203,local,22.345845851612566,20.948939306084807,1.9786322471231257,45.99252789919987,10.055379849465496,4.835928026432421,0.594149926513018,34.36976869367982
1021,1.525220212523635,34.416256302502596,12.14378721146064,0.4114279039045659,10.955559976932165,express,17.363319712545888,25.28795613753745,2.8714654459760203,42.55735699845999,12.553146496728738,4.374404096468883,0.4743005091753844,26.594925693492222
1022,1.3900200981034987,63.47025547651142,7.839195178282127,0.46045974785428595,1.119214354517597,express,18.140319763389407,53.18015832010667,0.739012331163296,30.532628483015866,3.2468862270345067,4.254331554357036,0.0792174519537196,38.104476881158995
1023,0.6065889157562065,22.910320453821587,0.27429852555717993,0.3242048586155975,2.973420028933559,express,16.554499423066122,22.06503939803838,-0.8404402065091977,39.49207148458572,13.582745872393156,4.353120813926425,-0.12271384656113252,16.306261553520383
1024,2.717803857143384,49.42842107889891,0.8478586729907445,0.31710770364135316,2.8488769975130266,local,28.82127204470817,36.264677710532084,1.3244746334457453,39.11142225552806,10.032156102854445,4.629255167967525,1.3575917467865382,45.77448523182787
1025,2.244871607868727,45.65989635534143,19.02295849344707,0.2518569527170384,4.063108245180792,arterial,22.83791683791618,35.23884866730184,2.765942999299863,37.81750485797104,11.205212932804876,4.244943892534638,0.2977981679429343,36.810828874836844
1026,11.118607066205891,35.64966369222716,11.752941239156748,0.20483778745898126,0.3295103194546425,highway,59.080647124257254,33.63315413588597,8.922954131511476,48.214767633412606,1.7602278867578818,3.505409365191978,-0.5546451572045614,70.16483805696001
1027,3.2275955841356585,52.625040903240475,3.593329183115044,0.3425519492232428,6.364434368135388,arterial,31.62157305632325,40.8907699692909,3.8552076861070264,29.79944908519393,13.815998052897013,4.529935442568999,0.14722825871345485,36.51863465940071
1028,4.525102072104116,81.90768358757553,8.604135053976435,0.49549647435399596,3.552467677623575,local,48.210114514201415,76.4352282613717,4.128424521774189,30.60077717159652,8.158821513037285,4.390054744489479,2.0475051100986446,83.44163007730364
1029,6.036682206077063,51.5656463361872,3.9673235409005496,0.2525400500598372,-2.505075308036332,local,43.1222974495004,36.9276962007207,5.407197004177402,47.51117505851995,5.75055311965815,4.727199006354204,0.6221668898415977,55.408135192385366
1030,2.333909628039426,44.54135668719651,2.709157276329279,0.6748542657087394,1.6237360026963,arterial,22.733331489421964,30.933482549236054,2.33836206200305,39.55649873635355,6.28459152382561,3.6379055114360317,-0.38991821436585333,40.82850040045969
1031,2.1839521144976275,82.10372851862842,6.631387696179447,0.42983890973835726,1.397480877648733,express,34.74917456285192,83.1305603011214,1.3248206343304476,29.49821126220659,4.748993450557766,3.8717961460864476,-0.044472443470655446,60.88379852786599
1032,0.5,45.67009362207601,13.188205139097537,0.09068051243869914,1.2364209063428202,highway,22.978560495313307,28.107994487613944,0.5602975371961536,42.822997968385764,2.8631001843387995,4.376439998121383,0.4633787341256838,12.018371195202874
1033,2.9762570561898087,48.93616079422969,5.040158587493446,0.5193343275511932,3.782538807780794,highway,31.95712172156169,41.40872097210721,1.7241729531811845,41.29856093545162,1.0025537958408641,3.7749697950561307,-0.4210860362295192,37.507222302110755
1034,0.8301786002696134,54.94542648819446,8.248105950834411,0.546275737634362,4.221538162127272,local,23.89729392825929,59.66399944790559,1.826273483965904,35.78979123203035,4.333918393389416,3.141220873692406,-0.5095445347890393,36.78092441016309
1035,4.369141741999614,31.096871981311267,11.470341214955031,0.43272056486340477,3.808285789848951,arterial,32.03770771531289,26.23220104881967,3.1103913838711166,40.772312435687176,7.700869779611095,4.288798760431591,-0.011321970470049783,41.65524618418016
1036,2.0873814066906866,46.77959993553581,10.080713740395645,0.3301066087855298,3.186203753271471,local,21.886942307030594,49.190054628653435,2.229747773960575,42.91678999197031,10.168028971819808,4.602753434895106,1.5190901151819494,45.150967320933674
1037,1.3585032151276069,35.95943649913617,3.087067178910951,0.3207943965389712,2.299731976796613,local,16.013825398810464,35.132845075100846,0.39485265180635665,35.93833470751329,11.133524312193494,4.141980680576294,0.7909765131638664,33.2882790551165
1038,2.5753431451979,53.61886267297434,0.9327752528613162,0.2610146718528206,-5.0,local,21.380996966949432,45.52562008238457,1.891245161484983,41.7212251346037,9.136259170133926,4.446660807264504,-0.4095288614609081,30.882928142042704
1039,2.463239599894806,36.57775355345129,0.8510094467745342,0.5690091395469573,4.722624201283606,highway,32.88285886095645,30.17657369019347,1.9178500125774773,41.32146155859795,2.1829012716238223,4.381515381443048,0.8690129272813477,39.478107031894574
1040,2.3986922364751133,73.93604111221482,8.404296432668815,0.29506691406388147,3.7092393328726683,local,35.847649559383925,48.01041304638339,4.543901397564682,32.241394454556385,6.757454294581038,4.204722910918214,0.008573411840353923,57.55468538321347
1041,3.992539343906409,66.4389513372744,17.25124988489575,0.45463266780008005,-1.446664468349343,arterial,40.26859387704409,54.23932701748571,3.5817285401275947,32.05661777822403,10.17738121837006,4.261183420513689,0.34458834765612395,53.85949449862236
1042,3.4286238574282923,40.51495210963336,3.150127169502496,0.38322165778256506,2.982037974388245,arterial,32.73611894534642,36.06323883400671,2.428537634053299,47.80260154563136,11.2760476078165,4.8071121503983045,0.2536238214523404,31.299322642146414
1043,1.2616678318662555,57.03149749197806,18.887522792746214,0.3997675842625526,4.267784683780782,local,26.92091959407054,50.09841323602937,0.7798565592605283,38.08705841357986,5.2053490107353575,3.7660872406228667,-2.1102569754710068,64.38002587375698
1044,1.8120424680264895,64.22291252391587,17.176183423532084,0.479008311303889,6.099364728287714,arterial,26.005541966625525,71.85048694540575,0.427100179793819,33.48815767376887,13.962399552801315,4.547870165530947,-3.047435994744432,45.660594678438585
1045,2.8711126641726423,20.525045329267193,0.09464378125466855,0.5932765393823757,3.786055051108605,local,23.775588011661036,19.412994992923654,2.4537726605913317,46.25632173988811,12.033032233027974,3.6686050086068174,0.2266214208084252,38.54143517534428
1046,1.169697116881063,33.81973651622302,0.6419489515642827,0.18373093870756632,3.1256063238572853,arterial,16.251590366158595,33.157793284346475,2.533596736720051,43.89398862904648,12.85009849712241,3.84234890430065,-0.852861267836985,15.858993896876097
1047,2.9430740238502784,52.70104738236759,4.680797172913239,0.21580314438479964,5.3137031112526,arterial,43.47419933774614,52.95063244688176,2.9175982462492716,48.34584020265524,10.164902371967878,4.738162791626902,-1.6392625897743716,37.833559272521995
1048,5.867434822707096,39.109561342401946,1.3469018652140408,0.2655111301658233,0.9271099293205929,express,46.4361260556199,37.0266363217362,6.003412100217869,37.46775590902923,6.499526904684538,3.65557587213862,-0.8220093221674613,50.1773339261899
1049,3.141962261597205,47.7166976637592,12.752234526487342,0.0900486806450295,3.442011268582684,express,30.926158490566557,39.95684954703849,2.099811123593401,44.83642206344515,14.045443412678512,4.091283938515179,0.9246425286945944,41.9381482070212
1050,2.3443750768422364,21.704974414807012,0.9510542750019786,0.34901937983266657,-0.17389617971337978,express,28.89980049185936,17.880916798810137,1.947263833764647,50.06289006425239,13.570955460396888,5.0,0.3578256868236919,26.216866727086465
1051,2.611486622692427,38.642100847022434,19.263500111889545,0.4027716530146728,5.886038476674562,arterial,33.465251476076304,30.3912043443151,2.51346006862812,48.76107344951223,12.512893198136426,4.661497797139935,0.7717612028199144,41.96685327299789
1052,3.2790082769465063,43.13892731053408,11.831089654699452,0.4810894405844296,-3.6339888998983527,local,24.748926919673906,39.777565417910026,2.3708619849108548,43.612410106437004,13.421343365349722,3.8682726166781425,0.45309555769896365,42.67392314903763
1053,1.158070207572114,63.75385337546143,17.47090480013946,0.6031460093745422,4.858580109526135,arterial,26.13862731817395,52.99853032228307,1.3622685761997708,34.68100397007976,13.790856617851304,3.9453786374878868,-0.9188319853984771,46.342554860212765
1054,2.1943777850643067,53.06759735987945,18.016861222460186,0.31394756919120514,2.061981366468025,highway,28.03768731387596,49.48201248961876,2.4672827387088896,42.531936168135275,11.322180353035806,4.123447742317404,0.7765448419411262,34.217248039602396
1055,8.154597313984967,38.579081059814754,12.162334552085586,0.26880389639986735,5.378855657542026,local,54.584744973001264,25.728607728534648,7.773416023255702,43.80774318665302,3.404874766278948,4.790374903967614,0.5857396653217134,62.53264224971247
1056,3.0061288755005102,37.93249167738995,22.208709030083188,0.3259631576460705,-0.731905296369542,local,27.38258017054627,33.27055713464196,2.5846493660797827,45.988150303916115,8.308935446225945,3.7492587856534283,-0.1174833139336795,30.496226461700807
1057,2.404547695038327,26.248561874276135,23.765778572527395,0.5293746652992434,2.314942525857036,highway,23.749365991070057,33.175748842986295,3.036821966056543,51.77955996239559,9.43191254745658,3.7220239761592637,0.05884018857862683,30.172398047476296
1058,1.6756079825230892,65.66800699289517,8.621152464349102,0.26016634616863166,2.2122053140594735,highway,25.9812850541773,54.24544146254719,1.301953233455997,35.14934510508412,11.713915067072733,4.521008875595743,0.7924658566845225,29.74778330514064
1059,1.1690036626861013,44.0066179274529,3.020739365981605,0.3488654725213998,3.5185924601765954,local,26.930975601659632,50.30663662710241,0.7730466661956683,39.40274375011487,7.679634829948124,3.4434883647250354,-0.7494493157116225,36.024036331533814
1060,2.8849630290578654,81.61474543757808,8.717716287548805,0.18317244251823836,-1.6664668272679317,express,29.63673762597849,70.51823375324388,3.749697931832446,27.573984026693704,7.936631542781743,3.7900152813070163,1.0878829649820752,45.82662525195546
1061,2.8049453770283836,33.20060649907948,5.360493528342483,0.09391817977122327,4.226752808295237,arterial,23.25920466744463,27.82495817919555,1.6388777995650838,46.65414332112077,14.93569270422941,4.161709958290974,0.5650939646483766,32.75202267217315
1062,2.0878827262783375,31.08467966251413,12.744136009482002,0.11705891287045808,-4.460629448253249,arterial,12.60101638637741,27.238307229264073,0.5167193170221196,41.927804639720776,7.056976015477287,4.184780904609779,0.002257896705598905,20.373013524592672
1063,10.2409579006856,39.476603994584764,9.081302430057635,0.35285671465909096,-0.3374471999107729,arterial,56.38524978944803,31.375150686250546,8.522609057626568,41.052085515183755,2.3851426784919214,3.585921046395934,1.5312364045611304,64.73642565258871
1064,1.2553472131172347,40.404903555470874,11.530785942882982,0.1820138311963121,-3.469555024987196,highway,22.034097729072222,20.480275524405343,1.439606033147943,38.64422622415683,10.790415162655698,4.359183179610291,-1.2943315683170133,23.965600875465697
1065,1.0226723714924926,54.94732554814014,18.316501825824037,0.23748423606926988,4.898767898899692,local,24.55862992245663,52.86645072348117,1.9472779459153937,40.07419033709487,5.756854070550526,4.449194262569691,-0.46018477236839717,38.79982963740979
1066,3.455178515072263,69.42748354580084,6.5765033890044515,0.27934798736003674,3.4004577212816267,express,35.65313117449827,74.3623531615605,2.581245857019745,30.604435879224027,4.103814730976523,3.9018798032830317,-0.6822507989349265,52.440341961720684
1067,2.1374817664107977,45.15274841690321,12.89939339135341,0.3731181190235253,3.5961352641455777,local,32.037788926373814,41.74284104459641,3.375603606002054,35.56100758735856,9.61269852440109,4.947340790114903,0.35809104640766465,31.635883052792053
1068,1.1187942226053378,68.20968363597119,8.043869983888522,0.593063886093904,7.156162886869958,arterial,34.77623826860365,61.767477820070724,1.0286726837658546,28.907865445345394,14.338331246246703,4.352822730756479,1.1824130651008447,36.81952551925689
1069,2.628228943224065,52.31933263562286,18.839060738895874,0.4636864933790218,0.8942041579336919,arterial,30.309579214840568,43.19328394137345,2.272982411143107,36.09247377885791,5.035728399181422,3.747813462073103,-0.9830219390269316,36.02158081647435
1070,3.1977472449589817,11.39848196054141,15.348879177784712,0.17601163297389472,4.13354988494431,express,24.029751080475055,17.793233358274698,2.198022007807437,49.30722887030269,5.897933082665471,4.929351245827277,3.305498067237659,17.820007018863826
1071,3.5444542909113603,28.397854931848954,0.20411353225465767,0.0920754036661587,2.231078215117663,highway,25.39522720132169,23.863275362853187,4.751092996728731,47.30230329532699,7.249605544321064,3.9645040266298426,-0.6627562966884569,35.391070529267694
1072,1.4891173915763942,31.71575344721127,15.84123218652524,0.030539126986413603,1.6981790586598717,express,21.965628262669952,28.828931117507857,1.2199745500035653,44.77770255709123,10.475919614321098,4.280493058945174,0.36068347274161716,27.146438165060587
1073,0.5,46.9739857224006,4.083888193597976,0.4206635540849474,6.573190412276135,express,13.717292229229635,28.971372591790942,-0.6155904209533694,41.54772035014075,6.241258362535283,3.9809484495602567,0.002686302509253261,21.087699102824686
1074,6.706310526541426,61.12351262106067,17.387370964872943,0.24103182468657425,9.286577771907144,local,58.809903316399,48.24959263619042,8.001814408951653,37.98333266247555,6.663801651184213,4.480868894791983,0.046156513549677744,72.4372507694642
1075,1.2344072628106348,36.4039201544872,13.616128004290994,0.481720129032505,0.4898666799780491,highway,26.67222207543869,33.514804168582785,1.425902611611449,46.077381741302965,10.66312826851612,3.9833122704882173,-0.792411484420032,31.10408626857634
1076,2.3377870610881604,61.67937138933402,9.635584265356194,0.6411792487026929,4.918018570319591,arterial,26.300767954358157,58.77794782302186,2.7430727154627688,27.582531778567905,14.78445876258226,4.010614658455334,1.0675464745256318,37.61379763622908
1077,11.981462560382973,48.13263547190378,16.657594300974203,0.6767797335705574,3.116909194263838,arterial,68.94456761589159,47.45731834602474,12.128564481017253,34.69775640588777,5.089309008188706,4.128010061091941,-0.8539212546464721,77.14605340070457
1078,2.835430820074414,10.965964929535392,20.55823886085072,0.2651958798752813,3.1588934785765463,arterial,23.604174194433185,-1.7331962171191666,3.043457804030526,53.39936565320636,8.987248399338007,3.974122385245492,-1.768929084065334,17.46652774262416
1079,0.5561829586511966,44.657112796911555,18.68984913268976,0.6052930404879634,2.8651220516172073,arterial,18.662597813272637,27.61408745063825,1.2804761484216414,41.237929447803516,12.018860733836117,4.682316564803089,-1.1219974322274493,30.06257746311165
1080,3.381216601079076,25.1506941023322,13.08910263772578,0.1157246334055399,0.8342270298859469,arterial,29.050248318004876,25.46704969436886,3.0865549988336123,51.13107431670734,3.5758551280274675,3.6339930257442354,1.44531561930242,30.728356794779415
1081,7.8277918597940035,45.40354554671868,17.344663686228714,0.4594193289477344,-5.0,local,50.71395829900927,33.36535499867705,7.631998503762781,34.28402716401538,12.365627592193169,4.183283545670286,1.2504701878099427,61.129250481606704
1082,0.5,41.08560688102505,9.933949305426086,0.3050966947537661,7.371832636094711,local,25.43837577819463,41.18491409116372,0.4226737483546987,40.16350625420716,5.646494161027226,4.2402592811539614,-2.0072356829529028,18.67191620818992
1083,3.9601714274890227,67.82568139125318,18.93662691751509,0.17093350822459719,-0.43156405685339694,highway,38.63862383440581,46.240651718991074,3.5479862160672693,33.12490882043737,2.109832483621007,4.1439145731327445,0.8137295983205773,38.60588261622526
1084,7.418995750669911,41.60498084448225,19.897245398947636,0.23840189921122143,1.1545499926728708,highway,60.83336181490053,34.675364111675776,6.772869580830077,42.707957100187286,0.8610897356164956,4.635734380530013,-1.9819329236065346,53.016921367071134
1085,3.6537874969590156,47.638725599722605,3.2950520850335696,0.4499051589361856,1.228974849936692,arterial,37.18546564849962,40.2532590390624,2.970956630426168,39.95208150035257,0.9797592508829909,3.523223402623538,-0.02722785148012611,46.75883314189907
1086,0.9687594203156101,66.38445938611318,5.712752630254711,0.16442101791989688,-0.7433118763868221,highway,18.03908185472396,59.79006015721892,1.275385746552784,36.632131276395384,12.065814531674338,4.455562759599733,-1.207751559630002,21.272136714586747
1087,2.535788342897148,41.35750511510596,6.479729696379802,0.37429898495764263,2.8408404969846766,arterial,37.813676510514924,27.93575937481559,2.6836856487795187,41.385534650860194,10.286610066840494,3.639771488396123,0.890781536171622,30.00839461394409
1088,6.3850383775958575,27.31662849404784,3.9859612555701975,0.3203867040444613,1.8449064760227034,arterial,46.83765926244676,9.451785790662743,6.401667819751944,51.653583127515454,12.00560684882581,3.9710505662099647,0.5546609033192447,52.11047028410005
1089,1.130899821248345,51.782490496680815,9.420840165538097,0.1489088812676856,-0.5078759259033836,highway,24.126479636630656,45.214026252998465,1.5294950511518883,45.93227220114904,11.417743349258586,3.5935394343713365,0.9795792578182033,20.179559918009048
1090,1.4667557254654424,25.980286218985515,4.632797074790695,0.11966319315341128,2.5225570582797427,arterial,21.1475469795305,25.768255193956037,2.920114594211719,42.49500073440013,6.024142386346659,4.050558971128545,-0.2952398110881211,22.8837546338163
1091,2.244538670605564,21.801141945140138,14.292943462238629,0.3931132370620622,1.884336574645724,express,15.91700760788024,25.583155391800382,2.8621885952542616,47.85387578338797,14.028768915651263,3.9398049258090078,-0.19132893964187367,16.869320091750645
1092,1.110376414831462,46.160786909660374,2.4387706295427822,0.22108094451444868,5.247434999508357,arterial,12.235591157757785,36.726807299522264,0.8335372610166406,43.90157913930141,13.230210862442123,4.937222308863312,-1.4992457889776019,33.507926696799494
1093,1.5722701497859828,43.897967595993805,6.4780596726421535,0.3007137365741307,-2.691339756886064,arterial,23.02758869051943,42.74304394370286,1.7775003378681153,43.5704941748908,5.551098638443888,4.308614881238011,-1.0304845988965272,20.49513066324694
1094,3.3981546668706293,24.46644583907801,15.972495502712562,0.3950726412005223,-0.8188626231212406,local,34.54352898726344,24.19689538743531,4.188497691511579,45.23854646853282,11.707644649850854,4.397903709065656,0.9485334348499915,33.40699455674102
1095,3.8018109633307704,29.14365993660116,9.565082955200381,0.39764632187814536,4.5385416379309165,highway,32.48653034677448,34.02894649011134,2.6616513157852686,46.4810689162505,12.385043670246478,3.7016233946551456,0.36726496380424734,37.569606892100495
1096,5.095223227045519,39.62877199041379,10.115105804481786,0.16080897552596182,-0.23910030206878075,local,45.9967367242714,33.2967407795422,6.197094338833905,36.455917193379406,7.582733719079291,4.53303470077931,0.10433499522723166,48.54239120379028
1097,1.0986135394857217,65.48658543869522,19.150206071001342,0.23614833674325786,-1.1619079189077919,arterial,32.13765532387593,43.55430250333238,0.36904063853729296,34.805160181112576,2.2460742902827233,4.937201691169263,1.2621137601651384,35.446764486756436
1098,2.2585408415572457,34.22804670356153,23.628277278983674,0.3784853486096392,-0.0660182935301381,local,24.689074338766602,28.620221982692573,2.7529070719917406,38.13340047370421,5.343823886942671,4.591459125854797,-1.300142185496329,29.26091877336353
1099,7.475367836986797,22.722353988805132,13.56162679810111,0.5939833738892437,1.6465744915871598,arterial,52.52677462006005,19.933156129723343,6.733111405467709,49.027242911709244,14.837763549853035,3.6095943412415967,0.7201478987887567,51.903170854687666
1100,2.3954107632637855,27.290708167552076,1.8976121151265861,0.3794144264573204,1.6598737237653538,arterial,31.293353293108744,26.82446163920872,2.1151237670058545,41.590126904423414,10.881062941548853,3.991136166243864,-1.1791566190279597,23.898221526029317
1101,0.5,32.92848486556137,2.469671381367262,0.4334072937355013,1.2651454736418333,express,16.260393283686625,17.260435571342846,-0.5923302989182604,44.9067726519326,11.733307744832702,4.248820549992682,1.4778738705793544,19.891857560522084
1102,4.451566353744088,36.95707505879495,23.244017328705986,0.5604826386950302,-1.5999780195702744,arterial,34.896140495534326,29.229200096320586,4.7324097943062,44.068694566657705,13.722902517446915,3.9402765708834817,0.5444741727735691,42.91884328396004
1103,2.4966604203355045,59.408324566410336,16.301637905963318,0.2671001145003265,4.7060562453873604,local,31.342556305287893,56.57380088240109,1.2163078302174162,36.94675795744992,3.4400616974659433,5.0,0.9645013606985009,41.47441261036657
1104,8.074695536325587,46.99613237972257,18.059258840011665,0.6924032560806211,6.641769167901871,local,43.07775617878064,39.218114353716246,6.113009796403652,36.98854232219492,14.541858445526628,3.9829756061571535,-0.7016467637760313,71.45831818208492
1105,2.5914564550324832,33.960656978534146,16.218330184452995,0.35827961856143886,-4.686500402353559,local,27.326456183610098,26.726417756829427,3.2600732242544956,43.25377066842239,8.013059112495455,4.180491892175464,2.1820982252712184,38.59200833996974
1106,0.6859156134376655,48.238141942627365,4.310822440683679,0.36021121612814166,-3.437392160982342,express,24.102257483912293,54.34670543571776,2.049008528728362,44.532421657794394,11.29783867487004,3.9298974056208325,1.9985578910685469,17.20081911183024
1107,1.0414504259157733,29.21080237249049,10.760691859794289,0.2600200992497223,5.509999411712456,express,18.135559391895008,17.33915270879605,0.40350877033940147,44.01828549030709,5.11404975582725,4.304257671230298,0.4303790205070093,17.872549508092415
1108,2.176506390575015,62.343481823570805,19.153930502864775,0.4244131659406087,7.494287192190086,local,32.355282690283055,61.62404251992538,2.761343130441702,35.53384954882999,5.276400403281725,4.8220575072099745,1.1752617130943503,46.30003996776731
1109,1.0622237814965279,19.9947003324448,20.79271111060976,0.38317095443052185,-5.0,arterial,15.877313984027326,24.14424343369741,1.593222486065018,46.00809277357017,5.714196063782229,4.251684953749692,-0.30188679205786356,19.81555864714432
1110,2.876688669087639,35.089352608768394,5.696052353912929,0.5104135959502878,4.8540277544759185,local,18.23171511480333,28.2497844861344,2.5158048460896922,47.534075423621175,5.54685375648893,4.10144403534794,-1.2684812322594436,36.45568138697821
1111,1.835071109754237,30.8610068429052,14.303082980011695,0.15417901640727255,7.732579602570729,express,29.131110385886394,26.00162194489313,2.7202175040621928,45.74466301495491,1.4062963522123764,3.716740299189352,0.7957905175644467,18.807849454679552
1112,3.1479504495263257,66.92130697041748,3.770445665722881,0.45604045745006283,-1.0184429304148401,highway,34.32952260660203,56.62789979418971,2.702257660352442,30.95563096012007,4.9888275733608545,4.743976365765319,-0.919310087999963,54.728575828216144
1113,0.5184818440869116,39.89868300147424,22.99864495492204,0.4296372516889221,7.528837394126238,express,15.170214179509179,35.18751484565786,0.8806609759334405,42.1996216303069,9.887020457342674,4.1353377278637815,1.310220144184246,21.46091813227014
1114,2.1515031173984815,46.361233900954694,6.052902935819702,0.6775421952160781,1.377020016919979,local,35.05886035484273,35.24525931374698,0.9333368989845063,38.77241791335551,13.578607689250143,4.115986671897134,1.047858138386872,37.94876237263012
1115,4.244494838738981,58.6960817057958,17.43924308649352,0.40206420990766645,3.1012298170059194,arterial,43.917188141444896,46.894631864925735,2.851221650744225,42.15737551203211,1.1041474033952858,3.1474782687080256,0.23522265053781916,56.31555032065705
1116,3.088955601129851,27.418510103090014,5.5467106614445045,0.6945703003721093,-0.5173166009148109,highway,29.770553209503564,20.81916187134183,3.7152960128478902,45.20655634230464,0.7411111534633144,4.142752529608445,0.17929588270336336,32.61773641340407
1117,9.9823373811446,17.113949759260663,14.785294629085,0.10696586699073632,5.5035998410748626,local,58.0672651126397,12.283773391179382,9.42506781228887,44.12088778471703,9.089787165167943,4.019502760185452,0.9892884835496215,56.51889876873505
1118,2.8295894056309483,5.0,15.822343368543756,0.12400577721552816,4.920582411654134,arterial,13.678239532964499,2.0747063861355115,2.432664964317518,55.24652139136705,10.645277268865112,3.3782980153321374,0.2745640230963313,27.750944679595186
1119,4.530226311854205,91.10895806171999,7.882274482914065,0.6719767289147172,8.036482745054382,highway,48.38540095139816,61.75684082920948,5.6034798414403655,33.467708857115724,9.319458797351095,4.645325143595023,-0.4044617272992199,68.70687774306097
1120,0.5,41.19463590806305,19.652012770225227,0.1963203721335958,7.042125791885786,express,23.768342307728098,35.69898413735975,1.9678525374656581,47.036692041498895,14.609128479406044,3.9591409113478777,-1.5145072239932615,15.776745391849698
1121,2.4743151210748637,32.3325653071041,21.24890155793881,0.4196898260491709,1.9679748452396764,arterial,21.96032244699479,23.790406049960954,2.578218008775484,40.04911612062941,3.818589894440725,5.0,0.9588997294172601,15.824763766014215
1122,3.117837487849631,28.45229468982226,20.52167832609588,0.3971376787360475,12.879325153136637,arterial,22.283795395795718,11.116772880046021,1.6415296444780978,44.59512365828081,7.478049344387541,4.836498692860077,0.3664390003745237,28.455386303563106
1123,1.3825556884922254,58.22289497959472,7.939157267153216,0.5923517776361378,6.727774269657951,highway,27.38531614608999,47.03910362827895,1.1550209292427343,36.22569524139017,13.780578992176942,3.8760433751623036,2.7556600769388497,38.88859132734163
1124,2.9943337002539128,52.81332272641345,17.864166216303694,0.6073087558557067,3.8918061226597986,arterial,33.64026148572107,42.2246219713997,2.028834866231908,37.867190236121786,9.453710502022638,4.816191143521923,-0.09591115649868673,49.258661693865434
1125,3.442569190867242,49.272441937066986,13.42777811686138,0.6578663693378989,-1.490040391787641,highway,37.858690930946906,50.80828733608424,3.1699231444308853,40.42638210891946,8.868268493157428,4.924743987515656,0.3020360530840401,32.275321753886956
1126,6.13172693791337,30.817194584853876,14.22307978780828,0.22809605478611547,-3.3551145522967225,arterial,33.62227211701037,22.420005688119883,4.769516510860005,43.92224548435988,14.026203996728874,3.9484340000151494,0.3255035571790636,47.50762645180084
1127,0.730047419374326,30.76720757406387,11.458202046203084,0.3571459801595168,-3.0575974997683124,express,4.092845102272948,30.82665769706876,-0.29993806210439067,41.39305044513853,5.414090755400563,3.7353029507471525,0.6507563580150041,21.176470168751205
1128,1.4581154731185306,11.528174112443875,14.40626755125292,0.18750267819895472,-1.2678292042359098,highway,19.641390961960163,19.478632019277313,-0.4977866691737647,54.97374375590466,2.779049569142303,3.2300903944372092,-0.9668789263946639,20.99190950679217
1129,3.661961232438724,56.331285751252544,3.2556997928579996,0.23827142215144384,6.820559295615799,arterial,29.64815565598329,43.48511192541352,3.4295709599956274,33.129807101240964,2.3738479020850187,4.37119871959038,-0.07721525277831162,50.16141221888741
1130,4.583804169629455,39.718443929779575,9.812333594818927,0.3304450363764028,3.704811196681331,local,32.96744980386013,33.42819687128035,2.286413259243236,39.215110584149606,12.417148276053734,3.762003357378028,0.8276594188783944,51.60210010745702
1131,3.0790605348040474,26.417679871464944,4.264122287710704,0.2515867873675209,-0.14680614178960338,local,15.009418505408327,34.55587031511311,2.514961954322757,42.052398387500965,12.925751648339851,4.384721817385406,-0.3327634284194248,33.835351829697366
1132,3.5891746354445018,65.57897105678839,6.722532743314218,0.2785654951517806,1.5244584618615238,express,42.0860503778804,57.34495848431486,3.785774750511487,37.21802743446863,3.891235967456272,3.944467056903712,0.790188743786225,48.248104716593204
1133,4.164778623964881,29.41962200863147,3.0675488621312104,0.4036830056855686,1.097887589752399,arterial,33.983926798531385,27.62292760181924,3.1706242118051455,45.79263262369875,7.12753450080405,3.8491207840251196,0.09671596797374654,36.78483604721594
1134,3.0550083823344107,43.40619948140439,5.099894525328481,0.1920714098320394,4.800177346832821,local,30.808231375828754,34.04449209141544,1.8816447337013926,45.128011814733206,8.980350165132906,3.94732894303559,0.4018710675549277,42.814354982740525
1135,4.847030486498775,57.27395243145391,18.766302138905182,0.536160129624566,-1.0757921685254055,express,43.60998279323486,53.492215379761504,4.308049871801935,33.60472034629028,2.5159944396375353,3.6150823862392976,1.15113641358281,43.049052696841166
1136,4.744206776585549,26.887433514414806,13.196075092264085,0.43160284783443303,3.22390235140685,highway,24.12136933682097,22.576820191453493,3.606901676146554,41.05851178186676,12.807753980301355,3.947121023830083,-0.22735559505146477,34.646865576008466
1137,9.658619720349096,44.25054904056067,0.5674348442936399,0.36594014186527923,3.0503002158134507,express,55.102780297781145,24.788246119317535,8.841284086708082,39.217351182220334,6.573734706541593,3.8685242989931403,-1.4518512107532489,66.50787285966263
1138,3.604843164730467,56.079551476648334,18.924587611250775,0.3472472607845522,-0.9710380355351913,arterial,33.03689631784152,45.18099101727136,2.4180949558480043,36.75165088839408,13.020369431949367,4.193629962740337,-0.26633993036097586,52.077550927239834
1139,1.5285696149285888,40.2366838839085,21.827241502307775,0.12244697512583236,7.558021102236221,highway,17.59915474158601,25.918929769783738,1.2921175124893105,43.52048611565604,11.521111500447079,4.246916138783403,-0.8255551810876076,21.802723728362547
1140,2.901776347662667,24.60227491886238,21.130302618783304,0.30807226984753533,0.9655007771690505,express,23.65329764763838,21.697620430940837,2.334462135424433,40.27360645149532,4.776836987853906,3.7179712105175042,-2.125736051521204,31.39924117981433
1141,7.1471826734467525,56.48731527276334,19.75240518895972,0.38530000869586273,-1.4746254359468258,local,52.74702994739162,41.596344302436684,6.423247113692801,39.198128853913964,10.890326136756052,4.695362335774475,-0.10668162717257106,61.75334845512913
1142,5.093359244892846,28.86625236940685,23.813194627222487,0.19528394472354776,4.985079928320676,highway,40.279303428181,27.88321377384318,5.89214459561731,42.37260144657278,11.24022299863334,4.128194114793797,0.19903065904947626,41.55902112730096
1143,3.8864441602847846,20.80066381438945,14.07364693291039,0.40770428615040577,2.1907345200412482,arterial,21.702646055995736,17.993908188767605,3.657648444190034,45.354729682912364,5.01331460714775,4.8760977074808,1.0207613428086477,29.887763610178848
1144,5.316991246412658,22.40789494862082,23.102103084357715,0.539372744746969,3.4294990943066908,highway,36.508884287296,10.310647681275645,5.188847419578613,51.89372415048548,4.179166056039626,4.308487035443734,-1.1393104562559886,41.96063629150638
1145,3.155822555644027,29.731440091610878,22.77226158003426,0.48240127855975146,-2.1463793006703895,express,31.71184310797016,21.82395726857346,2.340405833000706,36.382978033584436,12.439702919540213,4.231096817484238,0.0885260245218454,30.582696744693738
1146,1.7998165133237805,57.02557239873036,7.5177295320825435,0.8351763641715786,4.843456880746903,arterial,25.20026620867649,52.8156754503384,1.7984399971060794,37.51198366070555,10.330029090127281,3.9790598547631486,1.128091332050425,37.577378536733725
1147,4.771652364070383,30.379802306272396,20.7224101453409,0.28198242913504146,9.60349927583594,local,33.601740422532465,33.8587832110293,4.074644375496998,46.59700897011814,11.223811868891557,4.476677726431913,-0.5746472033798045,42.232265917966735
1148,3.2655561193076204,36.300935067039006,19.019343973410653,0.43922658530291603,-2.4199180542456213,local,32.2101017555842,24.53884618806562,2.962725339943544,39.95612640187944,5.039301174727279,4.215105038022757,0.5362217592803242,44.893130572243976
1149,4.677756854940222,56.747801432758244,18.619170657626054,0.37170581390028273,3.23973082096335,local,40.448995529336806,40.55354775325718,4.729137626138636,35.444230658707866,10.971813343545808,4.586309569105343,1.5977180083529519,47.60107394567753
1150,0.5,15.422196121558645,21.510738511006128,0.15351651303973135,-0.748583933725044,arterial,14.781454514771875,26.765761285432227,0.04981292780245372,54.950495346058084,10.857445259619913,4.922098078901307,-1.8624142765828193,7.719442463114346
1151,0.5,37.83827430705956,9.220560238087385,0.2591854428094793,11.41362120859112,express,17.34383829684848,32.09415753553557,0.13156365119328622,50.981840998147284,5.332486503716505,3.8729162093189387,0.27265432103141635,24.256314263214946
1152,2.529501364105898,46.92046213574912,9.601319181297164,0.057393892283183284,6.338713673525875,local,25.43291457143604,40.52267536264056,1.8874194922698027,45.067977042246724,4.42167075137951,4.476058610252064,1.16288987802892,28.04176105794121
1153,1.0626180107282972,50.33314981585484,15.361255420887275,0.5085967384710302,2.9873757006048955,local,17.53450892580118,37.60743995776507,0.5517804949298833,46.42634824934337,6.755225371429477,4.46330227938695,-0.3507128405172512,42.97379748366777
1154,11.757632059989758,44.249338416810076,17.70730890754421,0.30865264998974123,-2.2975361655429722,arterial,70.42330475366916,39.11847925407127,10.720457038449673,38.34256547630729,11.21683692534745,4.40615035871648,1.3867599712212875,83.08501158036377
1155,4.886116809700573,26.639322448733765,21.11369046378275,0.3595734848616239,-1.4511962617169036,local,35.14590789414398,34.64909381720493,4.1063195884724175,39.96872002981857,3.307018414056953,4.005060369137475,0.634221784795587,46.33997866891079
1156,10.530197529031769,20.729001608233823,21.020287695822766,0.18219253061001217,4.611960769886261,local,52.89307174847646,19.400208248997277,10.675542866991451,48.20642842241799,13.176804826615264,4.014165122063128,1.7693571651128563,62.56765180455505
1157,4.1807073391114695,46.46300032719546,17.312150985270236,0.4242971810117631,-2.7687226920112185,local,39.06680812726975,46.94829302209155,5.905966774155656,43.43194008424052,4.201502320184819,3.9372530233654457,0.5824648248852188,54.30541974877461
1158,5.646459984412361,25.174754837542817,22.965426667716546,0.3219820090494386,-2.658898456597238,arterial,43.89704357106233,21.601428607665678,4.627460157821274,39.38460910617063,12.674688659236518,3.92832732254142,1.8525387023066158,49.05865273761628
1159,0.5,52.251911961625815,4.287086854709814,0.3783948006669008,2.030909428087573,arterial,17.33692929507213,37.233502833014334,0.6852022865637553,34.86180941287259,2.7592386097924546,3.8219439903213948,0.30000002863192266,28.008724141394968
1160,3.8518156327762094,27.04958657020123,22.80815633232207,0.15828145982010058,2.466958343402511,express,25.43732597064792,18.20949189962009,4.297040130342778,43.30698073724793,11.221890085430498,4.152976221411796,-1.3677956340381678,37.25271682109244
1161,1.9631094107262292,61.41793228257863,1.5405955688069177,0.12650884846472224,3.330109925180028,local,24.157738908152346,44.380627213058034,1.5541992200344237,37.74785686784505,8.64022637680831,3.858981740709943,-0.6310003802202749,35.48974487573568
1162,3.6562768419499148,35.735675382875826,13.334925148606038,0.4615254385293017,0.4616614576401019,local,23.22941380471751,31.899830160551247,2.495136246310337,44.266724763077,10.091155317327573,4.396039662230721,1.0183634651575122,38.68876909035237
1163,3.4870080431468904,30.268605937243777,2.164726968194934,0.16652663813743054,5.2205129114587985,express,38.20567112541727,34.295536602207214,4.528845888004008,42.48572184853463,14.624980644899614,4.2256293402720955,0.9986896373046634,22.280872930634178
1164,2.17948272034364,27.1891366033105,13.632023404755273,0.3501782665142038,-1.0163514954174935,highway,20.295746724266866,24.237842707869692,2.510460283353438,46.86214727674162,1.262089240716361,4.27610516004928,-0.31060144971177517,24.024315346329995
1165,0.8045850706211594,33.35045699858708,9.362633098937266,0.4989142679582831,4.193255237447544,arterial,14.1600338102046,26.193415718387143,0.9790789259374898,39.41781362545397,2.662341109056033,4.07692989431584,1.8043008150594142,24.795018279298212
1166,2.0773479702865805,47.906590696609676,1.9586263560572847,0.5359207973682923,2.749422375338439,express,21.933244571438493,35.193123826106614,3.030031093362673,37.85048194581793,1.64672963338249,4.231004232135183,-0.3539676378874304,31.59729965396274
1167,4.86505610579076,10.592147674552209,15.55480332058052,0.3547396119801712,4.102271799699864,express,29.056885692390857,11.491446563285596,4.994737034270673,46.053719462911126,8.03473591054148,4.088704884809614,0.46197699186362096,30.9527153746066
1168,5.925876909973596,41.6601861837367,17.548751990948205,0.2888656654995689,6.136993181739385,highway,38.79996854948452,26.74423388662083,5.2949411902077586,41.3232615027006,12.140705034379982,4.5507943858955855,0.4342832501386858,42.5048956604274
1169,1.7106714893339359,37.971251323388515,4.180449926879551,0.5282378877014369,0.40633679213291507,arterial,30.883252365458137,24.336856077038853,0.7582996477977236,39.35019179215114,1.294959469033094,4.000924824323059,-1.3304701931955158,32.65306056573758
1170,2.9995888825808725,62.43270774590055,16.666481263410454,0.3325113105719606,-0.313771361368,local,27.652213148252823,59.36894445749955,2.3049645987833327,38.366665135360215,11.801396896647125,4.368986010931222,-0.1104919228656293,52.72762665443138
1171,4.622113772972442,56.35323095782018,4.29714117954559,0.029842461957446338,-3.9093781465305417,local,30.653763942441973,45.95610087776297,5.12376095994601,37.929597505842,6.779309439582517,3.612133075312588,2.3803295760667447,41.51453405475007
1172,1.0815891594220646,56.405254462800805,3.297514783566636,0.38141615394594564,-5.0,express,26.94230838038225,45.86228694226391,1.5190987673278173,36.4086203461379,14.150715468182977,4.520433674372335,-0.9222668894186307,35.01813007935733
1173,11.591834446163654,48.28970049296035,3.5367183965938978,0.3961890356166802,1.3840904467568274,express,69.23190181272459,39.86278330482705,10.28331770604515,46.79320925685696,6.049093738586375,3.948332599499877,0.6251575772841539,75.28049851388633
1174,2.0570405642051,28.340193681589774,14.377883254904038,0.5700606402367001,1.6236699169563522,arterial,22.227104168660624,29.17026209657287,3.2645870633809473,46.890973323124214,14.776670249529683,3.7894778709859573,-1.1543825626278084,32.37622609457228
1175,1.7073419065698698,63.10943281618954,18.690979395038475,0.24505503191850148,-1.8012909338033936,local,30.59057019024094,54.80153660493168,1.4108306868002334,34.10444375677842,8.569562412853616,3.6875401648999326,-0.9326891751387228,40.369851520782994
1176,3.173004531421709,17.836150251598955,14.325448835371526,0.3047415823354331,-1.048848949539546,local,25.409739544899292,9.959157622197718,3.6457184468644646,46.70473037150512,14.85490106996416,3.6519353490316715,-1.41428773710583,26.75428821070282
1177,2.3106235634135843,37.240739299883444,19.42443487243788,0.7040032659980737,7.332088500535751,arterial,26.87669707702443,26.704982886261416,2.255592444901614,37.69508125431381,9.662346301672256,3.983337900543666,0.9410709738299552,39.49484352434583
1178,1.8205575292234752,33.92996583294299,14.195456185688862,0.11950099441896164,5.0654392310598455,highway,14.226375827229703,27.474695282072304,3.184864206239328,44.318472719460026,5.521868869321066,4.874382462633048,-0.871387608629096,24.991381348013597
1179,0.549554932033309,45.381989236727506,19.135709936363682,0.33576640206231356,-2.4156240615256817,arterial,10.795391088182363,40.69022905007387,1.09703582847904,41.94432459436367,12.149425933407086,3.910504714419361,1.2674941456650997,22.463320826109804
1180,3.5590633686739674,32.87714197886783,23.436540027199214,0.40856984944903896,0.45178182108383225,arterial,26.78946373517623,27.69700107755219,3.24008461677702,36.66221373743785,7.560921851057048,3.2058729679193916,-0.5313201294400655,29.86573082420915
1181,0.5021903021429802,42.5239274595632,9.38303539123739,0.5099568099880338,3.4210094207974118,arterial,13.743079746192835,35.273907037417125,0.30893008891521034,35.76697403424126,4.977715965994472,4.364459828949907,0.12799926095257327,28.668266384944364
1182,4.63194607500105,45.56922950091919,3.598612246245473,0.330679631854797,-0.1925785852618942,express,38.868414979596864,39.0578299892023,4.156453466651201,38.6034607289472,7.435863357787295,3.698584555846815,0.4113808269688882,45.73444098753132
1183,7.2541512209356735,51.89549085178447,3.2495234809189837,0.3389504469885467,-0.8304336039190137,express,41.76186616299702,43.85759638835752,5.948418281928233,34.36072898691335,13.142732611255438,4.566663410503948,-1.6168763229347647,60.11766160922487
1184,0.5,37.57185108264622,14.339462319758354,0.3477505577622564,0.8161397567611393,local,15.01875956231728,26.473393102301717,-0.6433625100308931,43.20597350378537,11.118457091364697,4.010515458527821,0.20364925026007388,31.977237865959953
1185,1.0772919646734116,34.033444120300686,13.130473580528207,0.6276970896332755,5.817313098663659,arterial,19.608282704004,36.67778388862701,1.2165510802934132,44.263180756270785,3.019647842071492,4.076696392082722,0.34989778418688555,31.464311466617687
1186,1.5907896758283515,39.73820760220269,4.421649085008738,0.34094783456375144,6.134904558815587,express,22.407421988872834,30.401296275529447,1.0048958975540159,41.9074125784797,12.659668639111553,4.738789884234867,1.140016987305268,26.25930776918707
1187,1.9404357239471148,29.329158172054452,21.170519104024162,0.5459598601323188,-0.5740638622729457,highway,24.908996169823293,25.8343283010347,1.3174519774360935,47.31003011365567,6.755569324093676,4.477978279845777,-0.9595033893998389,25.42925447806916
1188,1.5853677065454812,26.353642351894855,22.961960842900524,0.31588124486764974,3.611928831220089,arterial,17.878661253754995,7.9782492768420425,1.35575874665305,44.122495694424565,1.7015931733518077,3.6391303273471554,-0.8170218474664793,19.23148535207245
1189,2.7333332654711966,43.03366974400915,6.077175434479241,0.36523185631373367,1.9775588649278733,local,25.256106300068872,35.07239926599958,2.5017786896418914,41.17581592232762,2.6339955302872244,3.7053336351947554,0.6595479624499588,34.654799308544774
1190,1.0990992184522121,70.81700516919159,4.9651903416256085,0.1386526358830733,-1.5288242237011769,arterial,32.44135155192143,52.49733024992163,0.9950901058749155,29.464338838134992,1.4593740412287166,3.397411526880462,1.4123919752164193,38.85546838955926
1191,2.75127028870665,46.56606335567656,5.134124455381134,0.34294651917083335,0.9602392036248484,arterial,27.73981939055376,32.728001464430044,3.866779541282745,41.482766784125424,10.310523151221554,5.0,-0.5925025059941333,36.42183297480144
1192,2.590698111724121,46.00067899626094,9.298116712592627,0.5412094852210639,-2.424819657991738,local,36.57999014581277,56.05587877558928,2.8615318748808307,40.42100995262491,4.234688651784149,3.811781721703088,-1.2352036558529162,40.93912210053633
1193,0.9509036274627191,19.975863361451573,20.47745220717471,0.24727955482501698,6.0706933300358354,highway,13.284517790004923,18.726165161649853,2.54206572738068,43.71854192813376,1.8970605394615268,4.726415843127277,-0.31672813248486364,8.950469954689336
1194,3.9813545416545946,39.53008304907265,14.30305463858683,0.6249740119470355,7.43365214929356,local,34.65623545162785,42.18272583805383,3.2320267915975225,41.27078956056511,5.802210007779526,3.9604764454647876,-1.0133230076326558,40.359529131049456
1195,4.5971071187074335,46.72092735726884,1.6212823615840781,0.3969016652250591,0.5629942144906839,highway,37.25635764139925,45.69991333692403,4.7643729213392865,40.03863096930111,13.071008895994883,3.714065003741193,0.3977810993531105,45.80455130576728
1196,1.2271412479349122,44.36315523180496,11.351498044129613,0.25389091739679936,-0.2717775939050959,arterial,22.70757739684982,44.59138212102067,0.7976970906375367,42.307319208545394,9.616556816999292,4.209702349234497,-1.0798347766103733,25.14772859182433
1197,3.409836270945157,42.524764781564485,2.167960392674222,0.4292033906463851,5.691080531770014,local,29.746487449949562,34.75254843317813,2.6199471575107283,42.65663781052249,7.55029787006061,4.053001115110455,0.9729047110032774,38.873059352273344
1198,2.133943206372863,50.89947793045761,9.749138736202562,0.37074071747285575,6.256521293430063,arterial,28.13500802947158,54.509370324269675,3.636982986860672,36.103931430142296,11.131322579788433,4.560843607243649,0.21261669331475416,38.697343092261654
1199,8.22648609925427,53.41434543105733,9.684483415279608,0.10618717120091585,-1.9004399066238036,arterial,61.95534943045954,51.329004706434176,6.78931887381259,41.81790066001182,1.6004780709936326,4.566472761561562,1.004099941609387,57.5253101729959
1200,5.1775530334372615,29.802090272996384,15.560463977031496,0.13826265187649528,1.4818436593657243,express,40.79102071853217,25.621121394663046,2.8744105275154643,47.875070329705125,13.300189778271035,3.934436541479575,-2.4233086184977957,42.639250349065065
1201,2.2125092221823692,30.79635369016638,13.186895207114425,0.2016944081875195,1.7937156424506804,arterial,28.01865307069253,28.01992800784469,1.4248988526322488,42.45938671575315,3.0771747741024456,3.5520205120476147,-1.7581507104687844,22.460939385835964
1202,6.408919499152969,36.86375575299242,20.994114776138062,0.0989929132563412,-0.6977169577922164,local,35.735475718990905,30.377065474806063,4.1613686198397755,39.172099267532104,0.810033584044013,3.66127617743185,1.2926726244807154,48.252182192760664
1203,0.9508955968328339,26.979565512868284,0.39060438397133623,0.30150089782690037,3.350935929306068,highway,10.821439379207714,23.298304980002673,0.09474643629208235,43.710521969308736,5.754225847834546,3.1728939165160575,-0.7195209810452088,14.111490989220393
1204,5.543194796460443,47.93386862854612,18.57597173027158,0.3471095356600206,-0.44980867279382863,arterial,43.31412997443719,40.438583188657,4.301942660134383,34.03902854959353,1.3474863922134104,4.0764931612858435,-1.4663827518899015,51.25958897005006
1205,0.9838796031746576,35.88585779406691,0.5438001829402017,0.2195356593784919,0.10908739125268663,local,22.273714853152818,33.173714543612306,0.9137170547384321,44.62719739131966,2.92264269899161,4.194689843179185,-0.20269840655254676,23.9893841615412
1206,4.300734842922451,57.01025824505095,7.302955883432784,0.4058656260134438,1.6453004455773563,express,36.32921397492221,60.638536118166556,2.230984056805897,41.81943096676111,11.215480023923527,3.685727436745149,0.2423457471307213,45.90354380082982
1207,2.3569289276944954,36.41506792461424,21.11191531630952,0.5175477756427546,-3.2117179877887567,local,22.717309677473118,22.516308917210957,3.0779978157899515,48.726568303034014,6.3686296799420985,3.6313570015581758,-0.15801451942388756,66.55240937560785
1208,1.2413516751271487,46.06354799047059,16.56994012025092,0.5280481216582569,-5.0,local,30.329518717631803,47.15049913646165,-0.38339890311189895,35.7674736888374,0.600033148007073,4.192762254721996,0.4680141464928111,30.573044373680027
1209,3.8697451156870626,39.107903809423796,4.127920280787439,0.3884193237297053,5.213953283234142,arterial,36.38907181108174,30.664076852031354,3.3805699459952514,45.638007251234484,9.834479989241572,3.915620408163124,0.3325001860499837,37.91399824779168
1210,1.6782237176229051,33.44590471970265,11.77882905868663,0.6599006173121201,-0.5911308118914649,arterial,28.49954225784579,37.316661049600896,1.2510774970704974,43.9844308609657,10.75311102571148,4.1041819701083755,0.2801513434293208,30.11091636932791
1211,3.7520435370341176,55.54828037868947,17.32570034347166,0.582927010596926,9.472024290587637,arterial,34.81220236078372,44.88192078078693,4.03711947125174,27.58590048079905,13.578470499433134,4.034748817959385,1.3483709881778494,57.15748618962229
1212,1.4722616638029202,27.72753971848732,22.496239712148704,0.03435904829786525,8.901432737792813,highway,15.296928530090462,26.457684496495993,1.6062701173431944,45.283431393249,2.74173784938635,4.31192860832236,-0.014180326612473778,18.417770120135636
1213,5.587702588558765,26.853452126933558,15.22370878123689,0.2523708836633038,0.22732482398330545,local,42.05872855807213,21.713524566325983,5.978430666711498,44.66449034182014,12.928903196522045,3.94562444224619,-0.04358025252462945,49.977639337975134
1214,1.632089040334247,35.94792167612633,0.5922098743902549,0.16427695007033938,10.186685484539193,highway,19.760698899324108,18.44158856105956,1.1797175027184015,48.730341180920234,10.77626526270343,3.9800651086653387,0.8028114894682905,39.407212761955904
1215,4.301746358807974,30.54842312053067,11.992844632710806,0.10065354482809019,5.281510852856517,local,28.527494278332895,38.13899778650897,3.499774339192723,42.15034793826839,8.672530460544422,3.353190547277567,0.5526597077064541,44.12600827738289
1216,7.924015750957145,35.46619655586792,3.6710793400998654,0.3564466722037755,-0.2585983103007674,local,45.6768853006909,23.54699177783396,7.461846963903977,45.899505077601134,4.295664759481037,4.177350346173266,-0.9028582425987935,59.3037544513268
1217,0.7446441762333715,48.771926144480915,1.1467092113981119,0.4377825112829793,-5.0,local,18.713159403052963,42.04331725090299,1.4935412622322786,39.0645037941418,7.138719628022951,4.239911320078935,-0.0921137470854294,33.99960023048499
1218,1.995955354300503,8.154054186262744,14.364255232358023,0.24932598696480393,4.408542981601142,local,21.397738707447473,-0.4360064449021852,2.4564150957360966,46.271895757047716,3.374922803796,4.120035247690114,0.438229098346194,15.860303281900054
1219,1.2740804879042729,53.085575177702864,18.64612566025019,0.5077894501001987,2.1095355620840097,arterial,17.40281170152509,35.763727340635256,1.4041238098879207,35.85000731225659,10.906568838252397,5.0,-0.5868281402353219,27.493075818398175
1220,1.5926202502095954,32.55742062176856,0.8654533319137032,0.19260355208624727,3.5097655501029466,express,23.437703764883125,26.239228650679348,1.6194882270028754,50.97409254951975,10.702052089836249,4.273250416061281,-0.5391754559945072,28.55805758758963
1221,3.5099762243887622,59.40979494124003,18.806142503172467,0.28435206522112366,1.1990733822344275,express,31.74571442919711,46.343746865562125,3.1299473029095104,35.91487519238152,3.277183703777191,4.1295853044343565,-1.3914584985488208,47.480409371318665
1222,1.5659723363518943,40.83017172740267,16.95330911547621,0.6140780147501346,-2.003499257096025,express,23.048401393428065,26.523940819147278,1.7373192343022545,45.14626069021325,4.162942108556831,4.424615235986957,-2.8827793629863554,41.29508352728595
1223,2.8214566544028163,50.00292582704397,18.04768531604067,0.3773727488726041,0.5054066745258927,local,29.852834468038587,42.25445864989707,4.167258544545901,42.64859390504232,13.566121530811378,5.0,-0.37407864171506694,33.860130093201875
1224,1.3961216660084885,43.970917624773044,5.873480945176811,0.21583973287815394,4.473230500807638,express,20.931623680692482,27.001932919372273,1.0624507941621368,39.58398984193883,7.339430470103286,4.313725369774159,0.1272857978038916,29.10477509670929
1225,5.88048957117222,51.89929835379552,9.446290931842299,0.09618281257194809,0.7596862141902616,arterial,41.9253246213924,44.99272018962784,5.0008484849226615,34.10415496407751,8.491199294146671,3.1994324921598105,-1.0954141871348322,45.85158839958422
1226,4.38832223715027,45.15589961813311,2.8740198529732552,0.2331703609863904,0.7385374993008742,express,33.62582011889147,37.49122694243079,3.5966453206727023,36.37961607635943,14.400066876507784,4.39442634838854,1.3778721449510973,35.90098809752824
1227,6.733114961575172,33.14076742780322,5.733382805627196,0.2410395087409043,-3.317854808201761,express,40.93805783520249,10.806810072123792,6.371301671915586,50.38235892427355,3.50184526151485,3.8043440581290318,-1.0467001743963766,42.11070473912075
1228,2.6157427602542733,69.58017524426491,7.266952115458322,0.8742022673898453,2.3192016862239626,local,43.0483600466591,55.481379636276266,0.6567722689512838,32.98449253961369,9.593388166049268,3.3348861663867817,0.9125305572860902,56.93943726593326
1229,4.077794553003526,82.92379863672339,7.666479348882867,0.34772246966509185,-1.891761795206353,arterial,43.45717011727011,73.76409891280215,3.5619657351957037,22.4921309457345,11.723216848074205,4.96390256118622,0.4186700383823918,56.32057527278739
1230,1.5358401408483762,31.90345411333855,4.2009573143234835,0.4244627946735847,5.214841698943394,highway,20.42261304599536,19.67311480164213,2.0867736077635195,47.91588028777355,5.131875243533143,4.866650925147774,2.176335392057385,43.740617119592855
1231,5.343149272663362,43.48122189644753,4.5290831537074405,0.11655130285179166,-0.5693531508056364,local,35.969533446702115,40.54158397303107,4.38784971030725,34.57512575465072,4.977843629254945,3.7926701155904454,0.5398393227570869,50.74477865680326
1232,2.6382780927332994,29.105936156263883,21.635289595011844,0.04135902255058981,0.9650356832648506,express,21.44263337877744,27.768800202219346,2.5238139873110477,42.88100413369981,13.503879978420283,3.7956159964954024,-1.4462760641144343,29.751844230067938
1233,3.8602471006491865,51.368073212757785,18.81344675557454,0.46307141431819676,9.573942480105302,highway,32.781589089512195,36.538812242178686,5.161690761229434,38.98861269783044,1.9413862318483552,4.272075245360887,1.054366605749951,46.16684190604055
1234,3.745086576974475,100.0,8.267464883794496,0.33493603882274386,0.9269902205479426,arterial,49.35429065007136,84.91402387685811,3.635857819260022,34.41180424196382,2.781656885851688,3.801669521193079,1.6975818349647305,70.2042485955591
1235,4.546169685534073,27.64204514318433,22.743444947543058,0.14684386562324508,0.4579881435342339,arterial,28.505237412165474,29.27067595514027,2.3001714199509893,49.677703039212346,6.458850275018843,4.139216860354938,-1.7722122694087714,35.588020684404306
1236,2.045744584509894,49.47344011874817,5.734145107015774,0.2030721850782581,4.0496769506462575,arterial,14.874139023569342,35.917468487712334,0.7132626328130574,37.82226465575242,12.07666901898265,3.8790680898146834,0.6391289077824008,31.332971241373244
1237,2.7184491385571135,32.862853432824465,9.763690882801217,0.21410784838213065,-4.248416307789785,express,25.824928307963475,26.492751514831774,2.2458016235634153,44.82618545742932,7.097378201366828,4.019818958649326,0.8603148480810332,29.518247549778494
1238,3.2746371879470613,31.063529454232025,19.524607474429693,0.3398894205786741,6.37783262622484,arterial,26.872336790735144,34.45567386196521,2.304112742582496,48.67999918898213,4.423206154810915,3.5680401620941855,-0.21282818004713097,29.94335585401348
1239,4.334072039638348,47.21990484056911,10.62927288488704,0.3562514522004966,5.478790152094581,arterial,33.74401942026374,34.133494661169266,3.9833714003150256,45.808978806760265,6.594278023279371,4.572104247354458,-2.421954661537225,46.357506355245675
1240,4.888356791934208,39.07373622759326,5.631007749795503,0.31656133694704675,3.8355811070615387,local,41.73441481824817,36.426783794069095,4.1638602949153745,41.65419847079215,6.9591764087541685,4.741705067819921,-0.2959578904884265,41.037643816841936
1241,5.571238704235578,71.80535014039903,8.844851222915722,0.5536234829766165,-5.0,highway,34.96827059959039,53.48020986129326,5.94697206007706,31.47668025728664,11.04186554003492,4.154908204871952,-0.5810692145823946,56.47955685809034
1242,2.215522618956129,26.001896142588564,12.017305736992357,0.5456193668085273,1.0920590553347815,express,31.299586095564152,20.974878398835234,1.1209051993192805,42.78799840124961,13.096876175226992,4.183690873256665,1.5297758630635638,22.004873357792434
1243,1.3915218239456089,16.68103265824391,14.895465207848098,0.3063032376474714,-2.4550317910186656,arterial,21.736580383043716,17.305964761524596,1.0863701358095783,52.04371844967836,5.158140435378935,4.48312065838563,-0.0885912930181997,18.844155803314266
1244,2.6134967328919805,50.957229400656715,9.734555989956558,0.19101635994640803,5.93437374385839,highway,25.78614124991634,26.48195746100126,2.5259538494229323,43.43468643095787,10.77382432949668,4.2008555151775075,-0.41231116673332896,30.24015793343345
1245,2.4490595233199657,33.64348752164673,10.351303946879382,0.17736478957446375,5.683963805396041,arterial,22.055237699159438,24.85670282556929,2.477061125789541,36.797484495838034,10.67013172989095,4.978303731975033,-0.5865124689644753,26.64689172718526
1246,3.7949549704905405,20.82552343023371,6.334646707234205,0.14558858155107368,3.3580346144077073,highway,29.908790186927664,20.7070184060033,3.5329036803038902,46.87394175236126,11.620739554126684,3.607636714630293,0.3257476167915652,26.844749315102714
1247,3.2792077985062833,50.450838488484294,12.84833516201788,0.10899475421899188,-2.210889189990045,local,34.056673281044766,44.46412147960043,1.022268279969159,34.79297485793247,8.841279238319338,4.587423881856829,0.05686819249813196,28.34047692529301
1248,0.7275743945270768,36.795459917755835,5.266949610469113,0.154082700618166,7.230029736837256,local,13.970090172511156,27.6194922376326,0.7214506174808208,44.25682445114099,0.7131282254758227,4.148608935704164,-0.7899449274696445,16.719512353832606
1249,1.9074431942836956,25.14106738834709,20.82062923459382,0.12170902104864727,1.0820860134317924,express,11.639190535634928,13.637833241026833,1.5960953765551213,42.26247684358846,10.01007636825247,3.6954543778450453,0.264020624355621,23.973302985189264
1250,6.997813587047176,71.41043340865428,17.936809686391236,0.5683153883886519,8.31879873415198,arterial,65.61049703956951,65.09812257271587,6.989320030672744,27.159674998415376,9.378314875852187,5.0,-0.5572549334824026,72.44570474742774
1251,2.1271626254605085,38.926038255733694,9.846695721940417,0.2954019383477033,2.9288547340192697,arterial,29.393590172249972,30.830285354720925,2.4928226097699806,47.22546176942828,9.367032115168751,5.0,-2.592259783705173,28.839621763329383
1252,4.524370125370927,53.36815086467977,17.933468328788344,0.3885837893899098,3.773828066208268,express,39.82784284282002,49.18035864638084,4.264608721628486,37.550010620403505,4.578829398967632,4.106458528157492,0.6680229032992873,50.79894718768812
1253,4.699226832120278,23.157696000479035,0.16790260342495245,0.17898581398380245,0.38893465403114424,arterial,33.01501918076587,22.345603549029732,4.479835451632856,47.45509492348839,1.9193387669580857,4.400126406619015,0.5731841012521988,32.964353256920276
1254,2.665583210340593,56.94046511352937,8.267741343417518,0.21063202108879503,6.924344522236331,local,33.68177201943571,45.26746734752056,3.4809313686902676,39.22333693170361,3.2456125505152724,3.987966181871876,0.1997391261772232,40.34014672861167
1255,4.65221337768554,36.99978335327513,10.567227555522926,0.07625011464819213,4.129518595027629,arterial,38.16147954077147,38.95774805124641,5.107228925593539,47.63084061267691,3.6349738419337916,4.060367320845984,-0.4424677225915938,36.68408394916409
1256,1.0950066157704075,40.514345279939896,11.275164181096734,0.23596479252979682,7.050120923801176,arterial,9.588676307762755,30.27725021769578,1.2057715560022957,40.69939550065771,3.01733785999296,3.690375366096815,-0.07206016506412331,36.99444524028697
1257,1.8000506814413113,58.05557171366766,17.96955546504813,0.4612031556856252,2.621394194914639,local,26.424109725094276,57.68041377568083,3.3363802433979837,35.07566375985962,4.045785270316291,3.623882014029099,0.819282647401717,42.56253401035594
1258,3.4424897104220844,27.871722434237398,23.10737826148113,0.46981471546103004,1.8353646926047016,local,26.69790642871513,32.940011782934505,2.5956836797342815,44.130587730110264,1.4960293506197688,5.0,-0.6318116615997146,37.767321277569344
1259,2.977177514619853,42.0481804843928,9.119931130627272,0.16169099219246955,4.082955570145838,arterial,27.649180190808195,43.09175613316546,1.731105276683286,46.38819945161374,4.405224412404994,4.182554452273673,0.859645814648972,38.04812886572683
1260,1.5164297457419122,54.695859157354704,8.414396388668994,0.32610786424796884,7.048891781819228,express,29.341531907405546,45.22755221018742,1.356116365657085,37.66648600590781,14.969335789895302,4.222763217101141,-1.474847641512767,24.293834954401134
1261,5.014448697614703,33.202520205198205,14.652365437929507,0.2844157695926043,5.558570075337102,arterial,27.34125144508623,46.0516961849944,4.213955938152445,43.30601915162595,7.9150277399538815,3.835266801289941,0.16816260394714022,39.2419687454881
1262,7.454437563384299,76.42186694685392,6.750086740597894,0.5220459690407931,2.4837833250399544,arterial,51.22229768092429,66.02149811845054,4.736720759471392,32.592933705335035,5.494131477210148,4.285486591022876,0.025757450038373535,75.45970975334798
1263,5.143027556684554,62.49554498102799,3.392408011564542,0.4396218320100193,-4.50026477669765,arterial,40.68202787827861,54.80860858579901,4.106820153022989,42.697109640786486,10.947064730698594,3.523292622667889,1.0026849877704216,54.749771206265585
1264,2.067194667349528,32.68178678249804,23.07698089181277,0.6917719185294271,4.836351137799633,local,25.722954320202383,27.625089348456573,2.1353433236583936,44.10905270523935,7.307176609854341,3.85181764688488,-0.9189294294009274,46.58774851546322
1265,0.5,46.2647101103021,19.42871896341653,0.35029220033209024,-3.0354667910889708,arterial,23.340325292628783,31.416638254362386,0.40357780339571947,39.34221366753045,0.9277204601342999,3.660101379607256,-0.8098101480985058,24.961971657878454
1266,1.6729090387706056,31.914667642012184,23.00398927257907,0.1334594999849501,2.122520146533184,local,28.37323215344094,36.1929801574037,0.8844490055381653,52.93067477938763,8.437150811678176,4.781797853425135,-1.394494323059943,32.5813978382687
1267,3.9176828309455574,41.518450059027685,5.227989088414,0.3048792823386923,1.5948183442029873,arterial,31.85625716451281,31.283858542525962,3.5597749634958595,47.25391298661927,4.908965320903144,3.4566457363224017,-0.566734456175991,44.63521403146322
1268,5.6788996767203175,40.46373093506944,0.427421159272094,0.36291649655338026,-2.9621896907296463,local,45.42405638184853,40.83144847707022,5.209467692442796,46.87434775236448,8.782166542066335,3.669353026250472,0.25541797148428574,50.326864250646594
1269,2.316364595752246,39.109590946654805,10.494277817714554,0.6672013000779232,3.303760814558416,arterial,30.914569580867532,41.36002406288638,2.6567876432660946,39.92997309897773,3.011661194262581,3.2785848278329635,-1.7978434432742112,38.80797308980207
1270,4.010512972552949,18.348993724885297,22.40661511179795,0.23541330480271677,9.540112090725469,arterial,30.969499275327266,19.81989432999751,3.096261158874779,46.6251641365531,7.496972928579872,3.7994944506009536,-0.44291250973272467,32.548749910258124
1271,2.0503543724560345,26.280203176962342,3.3198081329222138,0.6943230900127784,0.9058806408702811,express,23.35845012585676,17.49438776912986,2.5444043676235966,38.39067505341852,3.307782929901657,3.9932155585890734,0.6107903529668718,17.653763317518653
1272,9.534571405471535,44.34457952668998,2.812452548030361,0.2512487548495139,4.680578818445954,express,56.91996290253876,35.30534480910121,7.7085998855169064,45.05379618371098,4.832823445491403,4.6400011696766,-0.10287939069006907,64.38515408529155
1273,4.627164640000058,53.029310318302436,1.6548668219002094,0.37758478832161513,10.24491443559738,highway,34.04961643862182,26.335380505787818,3.76174664064031,38.64402592935245,10.463888788054888,4.10010097223861,0.07520552905547154,47.939898361096944
1274,3.4615154135867288,55.83796568582946,18.360431974367394,0.5265482895316863,5.019146266531058,arterial,29.83594892907258,46.64699723838888,4.474558433508625,29.99196220706169,3.8009650103195542,4.0152358910256165,-1.5060991811596642,49.90802419537661
1275,2.5534731179873957,63.38667061233327,18.862236812004934,0.3354471386674165,-0.25695157680204916,local,33.84834137648371,59.49764133438316,1.4790235921109085,40.12049494728028,6.5484919433511495,4.334958655640242,-0.10004559013353101,45.78506749768722
1276,2.9250491779079844,65.71130633193718,16.689025335923137,0.14948591723767368,2.8295517864296187,local,33.094525728390906,54.19207482857314,2.105530410012541,33.638232448998565,1.560509445056893,4.0006935947038125,0.02868553576688976,51.4516198454049
1277,1.0023026041418635,40.95412303107639,1.2790042829360662,0.13747558274494334,3.6827306408826033,local,17.13010980999898,30.68044253061364,-0.10041650474777775,41.58249016237335,10.463852576648472,5.0,-0.1637300052472913,23.432166369184742
1278,5.32737720231595,46.995596646269014,17.35892005956489,0.15641562980117346,7.018345966458867,local,43.418349953090875,37.86202868056216,4.13282637543483,34.53661255851267,8.314676215836197,3.934048459532114,0.15280179391747475,57.54419577033231
1279,4.231360328036554,40.12507289945147,10.767091403080492,0.12140682783057868,6.2491761922333,local,32.473225817752834,42.61387375676688,3.918914821655914,44.688458236929094,12.299961268686445,4.386170302156402,-0.30912545238327666,36.967693699621414
1280,2.8445846250261186,55.442382836644875,3.789466126478519,0.11238989755236702,-5.0,arterial,25.9940087555151,46.7454655888939,3.125359996797867,40.149585457009124,8.25859403203814,4.571905102510041,-0.4560374358920444,37.55952080217689
1281,4.297724561449957,79.8996304387922,7.08302425163045,0.4608607060298222,-0.9967159326866182,express,42.889492408057286,80.92009910783365,3.8530415984900235,29.916439244078727,14.916099500192958,3.921128698090137,-1.0397708615336136,60.20746232101135
1282,5.438620646933732,42.41039597370687,12.027524158391063,0.5200046103002388,1.754906470852395,arterial,45.50725231295847,32.053702043457776,4.6350067028638255,39.56392025174618,3.9964122334442083,4.27441754968861,0.9744616139484148,47.712684130277914
1283,3.427110923085587,69.14813311522033,7.911635334472345,0.20255943146286676,-1.5535047188819338,local,31.52981933566835,60.296535643856124,2.09018072188105,44.35631175652317,11.260543992761365,3.9746195467069403,-1.2266583460791631,53.48956664493278
1284,7.970288386878246,31.087174132405462,23.273981441798217,0.45575726834887925,-5.0,arterial,51.03064647951342,23.39028453315545,6.591555184044866,39.94886227971908,6.768736491112657,4.323309363576011,0.15794700027741299,53.31779113160123
1285,2.0782713965834967,35.39309654251623,11.393801800972783,0.17271679643485693,-0.539664707127371,local,22.725157784184166,44.60553695744472,0.6336156179483858,41.150889475588585,5.951485505402371,4.245415885974925,1.813197074671605,30.725141754258615
1286,1.1437916146934006,71.6831472365881,8.931612246051447,0.2162797941946224,1.987362873793184,arterial,23.194704172295527,62.1886123302654,1.618660153131692,35.89552319200791,11.107175214992319,4.136872654338535,1.1014350285902976,39.45728901029805
1287,3.5060553358094277,67.8224399523275,16.15597029523288,0.4966931148579884,0.16150361015996273,arterial,36.71489043974696,72.54560691988664,3.8003083611462545,29.602122037933245,14.355577048384875,3.6799963995887772,0.5093647376937733,48.750545380538355
1288,6.375945002525002,5.0,15.613081364541955,0.6031619674391953,-1.4893013927671923,local,29.94914730466521,1.3091071156837657,5.705992422807265,47.940848398910376,11.455864457836489,5.0,0.24974216556611886,54.156132933584125
1289,5.4420421055239485,35.458641553605624,0.05854272972641805,0.16025842827890482,2.145126186746901,local,38.6395837288322,40.83289955155021,5.250998682079237,48.56796526307784,5.286779854259849,4.463879657179094,-0.12777124825616512,41.04535097128631
1290,2.5926600730313982,27.42978725146134,14.843368759217832,0.3096634844560878,3.2008086133824563,highway,17.426176029256425,24.141342769656607,3.034380124406042,48.57250375541298,7.893428933987208,3.4851131913563966,-0.9013495210163825,13.71869287505293
1291,1.0672300995795128,31.277325683284623,5.850455394456809,0.10398819881234385,0.3599101011208483,arterial,22.565674178606095,32.442315992611114,1.0414741997675934,47.345377805767036,3.648529710382948,4.010833684498025,-0.2538313729583662,18.63462366057525
1292,1.9330363002151971,48.77835193992425,9.005607398110119,0.4303644503580007,6.801103378657852,arterial,26.12186091437078,32.92362230357226,2.854621217387618,40.23306491345699,9.493462753947682,3.493771786902101,0.5748756443304629,37.782012521179205
1293,0.6898214906247387,48.12876098200809,16.952373377636263,0.2344387668484193,2.2020004555781663,local,17.005649675248833,43.34834447917203,-0.19819481543109407,37.32388058615329,6.337512957721353,4.542936614720219,0.38971494781487126,28.001689268782346
1294,3.111342856746058,27.901613409047844,13.3772693042567,0.3750496836305084,-1.0502978437220811,local,32.817442863782595,16.232528331755763,2.521272388631359,44.86873219488274,3.8079297595432005,4.190197783886618,0.7887224933035469,39.5892256375772
1295,2.8057530553179557,90.83508849852399,8.847723459722326,0.44574370046892675,-1.93588062822442,arterial,34.679082499826876,79.00950002868059,2.1509840153480724,26.541686788453607,0.8058442109127913,4.201834998823221,1.2196718650445633,63.69417750718997
1296,1.3010278631310073,53.78325946205631,4.017848444090977,0.10617220416664484,1.2546056885946841,highway,19.479388957398456,35.087040171480794,1.6887155520415134,42.03754316567138,13.917202479725555,3.8209347482571854,-0.15845717287825958,25.7049988189805
1297,4.137804600734306,40.400481519874916,12.131572493946077,0.3704774813540029,5.896972287381092,local,25.21438073428864,33.68182815489369,2.576711077200013,43.84233004367572,1.6429020717502598,4.057996206181266,0.1918514853321646,35.067873048203644
1298,6.2041438458721965,77.8729284973574,7.664784564172877,0.6346945458114165,-0.8829104820009679,local,59.77169582656448,73.86127348264071,6.742109146976619,26.65735849700339,5.274986481890929,4.554232845275828,-1.8990713631272962,65.1563797781936
1299,5.746569353302707,28.151151940316492,21.910267401793803,0.1650483692184947,4.085578193988454,highway,47.24238584579027,27.761356302228453,5.621331922368479,49.38272659050355,3.2615782336788888,4.675124468331499,2.2561977750354685,38.935551643627754
1300,2.6048852298864174,52.85242164953805,12.824319366937216,0.24776185206027873,2.3309491850500947,arterial,21.220355666728345,36.28690805497115,3.7446322849921527,31.93472560127737,7.664845503690471,4.580889503975146,-0.41384891019572684,30.5664597468877
1301,1.9951624161053496,35.5607583237599,20.7831358600899,0.07766211705330878,8.976315393266368,local,18.111046085884468,16.937939895336235,1.76318920378704,42.894760873028105,3.326700258368545,3.5015249109677553,0.6516925270120723,28.414383670244018
1302,15.09748146043151,33.869972545142296,9.364344683604273,0.24851132197909048,3.3658801228119932,arterial,81.98168504930882,32.268088726596325,13.147477875201353,39.773792084164526,11.175060027852181,4.116247788054891,-0.41452723892661014,93.49550219256345
1303,2.1711470197275964,12.159474164755268,19.85849193091105,0.3900829004311081,-0.4437918379905077,arterial,16.817189722132618,21.403944607550866,2.4797171895636074,47.14357817182832,3.759882357128198,4.313991055775142,-0.4377453640626053,25.205128455068913
1304,0.980909638166603,44.1464573531915,1.356885652129887,0.24823944482688928,4.577293350676403,highway,20.2109361828718,30.776866492121606,1.707270736681362,48.96592901654703,3.189121698006474,3.8693509847919323,-0.23700191496421147,24.593674661866384
1305,2.248738232280486,73.98773002435725,7.154856613632359,0.4570608664770817,4.695076968135895,local,33.09393727445465,77.57139906793819,1.452327736675203,26.00686267405309,3.6448356580010186,3.453442922890796,-1.2451186700974364,45.82265883118219
1306,4.859999800729168,25.427407797297448,1.8762223930727853,0.350622974981057,0.6104614569646489,express,36.2549029944835,21.567843610519827,2.7759226145893283,43.39375548687673,4.814668032272003,3.6210162541865607,-2.480212646832914,36.937600023264636
1307,1.9072130102398854,41.26141964336779,0.7596043371569738,0.24795191906875777,-2.0739849651550353,local,19.094902993194452,21.361351961142052,0.25547939570047684,44.167277354124984,9.806555097193954,4.874898645916096,1.1596900696096821,30.426523352380723
1308,1.4110357971648666,27.429670545908788,22.052693887754852,0.3817807533607987,3.8761231692929976,express,20.256390625367047,12.389057467027955,1.4790401581259645,44.12752628988396,3.5396115357510305,3.6638423783972955,0.5457025570003714,23.685048956422033
1309,2.0989451708257785,60.522541295309686,17.204849865592315,0.3812658508033378,2.222303118677507,express,24.085904493154835,56.83380414661312,3.121202164041138,36.70293683287232,10.604329182146909,4.2214023142789205,-0.9158548582152976,41.19069216904705
1310,4.62304394705729,32.34144598970799,15.002641547243295,0.375650964476461,-3.307925321081438,express,32.737781121718,28.397205377097034,3.120068619505151,50.2644628048758,6.737477823977384,4.129649252245231,0.4519104555156161,41.09380038746284
1311,1.993207659251074,26.88992924395303,12.77982742588399,0.22813940850034042,2.890823496467145,express,12.342159305251096,33.23198661791292,1.575993818744828,49.0952538404671,3.3566243820666744,4.130798245020896,0.8239339969889763,22.944584213734434
1312,2.3793717817470514,37.09602532602163,13.669296869204207,0.43809440553190976,-0.22947514307422212,express,24.03602965998819,23.14474816023108,1.8626749617867935,41.12027419090047,3.9806454667900955,4.056062339932064,-0.6930202827230592,32.3068413949408
1313,8.898374005975834,22.36852792791976,15.328569153274884,0.5278115110581212,-3.3046071465186833,local,49.73912881178433,19.842712325878253,9.54496225915813,46.698940681904666,8.146340334937026,4.555111656052963,0.41184795661957,55.81498212208217
1314,7.183231603554815,21.806617976224302,19.837915073762478,0.2234772882973023,0.7675927981409436,local,47.95728139594583,18.582952709509154,8.271865045669262,50.13348406968131,5.99011881597327,4.216025813573395,1.0068032855870497,54.55217599749348
1315,1.139495234273712,23.958707587010046,14.325325339092679,0.08814386515952727,6.490215569724022,local,15.543063187573543,19.363799787557845,1.36510786147242,50.17605905821944,7.948988439574786,3.918455403019819,-1.4383523333167447,18.026603926785622
1316,0.6800657594703854,66.31014186915425,17.965938314661177,0.29034256469920083,6.2282152503082004,arterial,24.71275611784576,53.68536998825216,1.3304594770605336,34.60928326929738,12.282404042684115,4.223104720905838,0.5334111836304102,36.6944325941404
1317,1.0150543339275533,72.00544811387194,6.743473243913638,0.33726070485450665,5.313632357025786,local,26.98298646951244,58.66573526802178,1.6097080959880221,34.166280156359036,1.164554967981692,3.625105126285367,0.36438716921505027,49.78949008053075
1318,3.0613718604587183,47.26951119513278,23.44228170759533,0.3528784550177051,2.9423151153224314,express,20.29431388805256,41.40160528582548,1.730977418704306,41.55971949294321,6.207354146080894,4.414175068764251,1.8804506695672645,33.21541442538238
1319,1.277088996476765,54.82561961438684,0.7655330024886942,0.2183240623859411,4.085290211742848,express,13.91542581038191,48.719843867096316,1.7081985091777812,37.74675977489154,6.523920439896369,3.893564917348718,0.5570352537429915,23.103176131933353
1320,0.6191569302250443,34.15129772644195,9.277838286655571,0.569771013260904,2.3452560351730054,highway,16.554958585230423,30.796613018198364,-0.2584439398375332,41.194118229959955,4.138298813388449,3.919482981253639,-0.41088094943324777,19.81290754208174
1321,3.3524376362172936,5.0,21.169189236088894,0.5621009664203168,-1.8676778917506405,arterial,25.389274135948437,12.691912562349835,2.879965209414271,55.346180459246035,6.907248441903983,4.430871391686436,-0.29518898935210347,35.42189151299592
1322,4.41040837687765,54.50730764562291,4.332551104468564,0.40148360248559345,-1.1692566459835212,express,37.67153742681388,37.92226191275843,4.881157175256391,39.012022347663176,8.716179801228026,4.016707838426959,2.0233936825385697,33.64436874196098
1323,2.6963260414929744,39.33873183441775,3.392114230407791,0.4970792458339155,-0.12513323945196486,express,23.953089544792615,20.756137317721937,2.4914400979891616,33.88030309489784,8.981894013785649,4.042042730447159,-0.3548505084179703,32.924385073738094
1324,5.515439273816973,63.82132012242701,8.770338405597924,0.5146880925667778,6.904756768227154,highway,45.23204202511569,61.366877484778,5.845892499283574,31.520885699390853,10.212583155005003,4.725433605891607,0.5861461348536832,52.32689814686193
1325,4.222442229880214,33.472970557828404,10.27667281240386,0.23166617597284886,5.768417558921556,express,30.88794676682548,21.8473496877912,4.839608760483045,42.57209003963966,1.613148607848361,3.7620655198924955,-0.23838055113140877,34.591783643816775
1326,1.92675095561185,26.787981385287726,22.401457455881463,0.20951397448739373,-1.779571471643889,local,24.50632132186546,20.11345344718832,0.32852890378730937,45.740052208450315,7.170109488132338,4.424273250770737,1.0812620096209595,25.205115777082888
1327,3.1817285009806255,39.400530506254476,20.066868833011704,0.32794252036934896,2.1868689039566984,local,33.24070747696457,29.205753451136868,1.12139760057806,47.33973548630428,11.485382188456647,4.62728581229444,1.1306700628835438,43.646378494844825
1328,3.0698201159282728,38.83633101231501,11.13815130457234,0.1876804323997652,0.5908750003654535,highway,25.529512868167167,28.57629510582535,3.692512068200339,55.783043446496116,7.098157165755779,4.725103739537241,-0.022667769335268304,30.156953938932773
1329,1.8959783644220531,46.14610987529716,23.351402421158472,0.34123809307713365,1.4571481124476078,express,25.14061600860423,29.016345126428114,2.6683064239528087,30.63840693995852,10.01904751089502,5.0,-0.40676118290816987,35.59176572265453
1330,1.2883592205641643,32.146610108103864,15.414681699817544,0.31449948494810637,0.12385013366720576,express,20.823364572024165,23.33792547774528,1.3647989915501961,45.944643436203954,9.061508543876492,3.911036892684827,-0.4306080549201393,28.67254451639493
1331,2.4795113115636975,24.77728578410397,20.96780956756539,0.20755262403760827,6.919920679821972,express,24.76978887193096,25.606010702445094,2.545332993957033,47.43005349776045,7.2384243296410595,3.8094288750171907,-1.7272601812410788,25.23764477113587
1332,2.1408023053819574,41.0933591905588,5.905367531683811,0.12256065094214064,1.9338271209422764,express,32.549943104804655,34.901835234705146,2.641160233309967,41.70491178625747,1.6444639060301756,4.567746953134129,0.10055893245897515,26.33881330968616
1333,0.5,41.30893963609424,11.735137783199587,0.28699597271723487,2.756548816104457,express,17.632208426818824,38.644148590228504,1.1495271290814857,44.205084345185846,9.681762388452416,4.623108501240311,0.08039625575967736,40.84367543935328
1334,0.9382496129089517,45.06061320198079,0.713213120554399,0.2010027343050581,2.784903721466631,highway,25.98419585508394,34.82894723956973,0.6010774655444099,41.678965533113576,8.250438565599605,3.8441694085091553,-0.8161319461637326,27.05421435906152
1335,1.692311225388041,45.525596395943225,0.21312463839477225,0.18895406936278553,-1.5971956123635698,highway,17.77538667994961,45.01667887202525,2.2877602911208714,39.518677039936314,0.5824263348465422,4.418162021053327,-1.8348111270047702,20.061880543230625
1336,5.137486954732337,52.773772227169445,16.93087730254715,0.43832590577520253,2.379937942441846,arterial,38.73218159239526,41.29917326568928,4.346559740789327,38.408187175737204,3.4994220706616384,5.0,0.20628549597983556,52.98380116308199
1337,10.53808272834979,43.51898140889961,2.839046939174417,0.24966069220523782,5.718108876253945,local,52.56472956350135,22.23123309388341,9.679115336180086,43.67125085185191,1.390293851920029,4.247098982837909,0.3326230077137125,69.90098582358546
1338,2.685844374211811,37.88149541894136,13.147397690659623,0.40469364136375957,7.1544184491824705,local,28.200229582987728,34.41563765658424,2.5772779012023497,44.67204914964845,8.768396771870579,4.615574462211693,0.39464524001217866,52.62028054485942
1339,0.8667116384339699,51.73028792662626,16.704179573040477,0.20102814598776736,-2.0173523870180494,arterial,24.523626221043646,49.34243812083309,0.09248919569158631,39.833386560515336,0.7196452912258255,4.909531823519968,-0.9899384601871197,26.550472929209924
1340,4.801755482570582,25.662139853822296,0.7736300695113423,0.3588450856776356,-3.3151043308605503,express,21.27087031906455,17.898145788814364,3.727190105346329,44.24987736148678,12.715103790676949,5.0,0.39677308543097434,30.918554552762856
1341,1.9633389794063842,30.102571630941753,10.769793579496369,0.20456993753504923,2.2174710301453264,express,22.421872691765362,33.981629758159386,3.5542921828909435,56.83666016854765,14.238082985546152,4.3105648340830545,-0.17858251074282644,29.954018569417276
1342,0.5,53.43339168024952,16.419646487660152,0.23408093614008774,5.882156515072619,arterial,23.196802586514558,39.46353761427828,-0.2635086022193975,39.93987386839797,14.645895432634031,4.763865095632749,0.8644879032961217,29.04208411612536
1343,2.0592470179797515,35.23481698195814,21.3535437085164,0.20753958525891203,3.2585875899929073,local,25.792157224926427,34.64468212473575,2.149289729506206,47.06432864423929,3.7854746781749453,3.8451776476825907,-0.97482097689068,36.99968937884562
1344,3.609516990570454,87.11517723564839,7.181522414439755,0.25714928775815615,4.3810362662793185,arterial,35.714606288027234,86.26133224540118,3.7124046326866944,26.31993844234495,7.6795424035859154,4.211196425013163,1.1502032120913313,60.10167247227329
1345,6.691879713680148,19.826581585827235,23.381196712423925,0.21479043231182873,-2.760871573172829,express,44.414858687463045,17.109711238554,5.979318709286614,49.380739436279654,13.421947235531949,3.9990963862950983,1.5099863821231867,34.65610146350834
1346,2.352593561658807,20.7395857236827,20.26899599183274,0.6260269667022679,-0.0019561949449804494,arterial,23.326037207113156,16.043266262969116,2.654526153783451,48.25250265669282,10.466357841231483,3.3515966997827813,0.11607870051691144,30.612911304483607
1347,6.111140639606626,23.307815303478385,15.615241729964504,0.1438894451366467,-5.0,local,41.30248756526088,19.07194127963817,5.76321318850411,40.07207736502372,4.8318178028208,3.4786348022299736,0.4036740100218023,36.756815271131074
1348,0.889552418199745,49.227726854923596,9.406212173907148,0.31855514099822935,1.5012918276391454,arterial,20.796572040738052,53.24163553534763,0.10439593788587043,36.72792862014148,12.592302317207979,4.393514657773177,0.7838925725490965,33.663155621119735
1349,5.090243211178042,50.01594855440968,17.066649028787964,0.5270115765321081,-5.0,arterial,43.44984785020917,45.33303428778647,5.010672725371104,36.0006188689511,8.822074753272721,4.402360016692314,-1.0257020522944749,49.42442999609277
1350,2.5476306828813544,21.55516434704541,19.588638457688482,0.4107601285004006,6.664315956441672,arterial,28.806453872021976,33.3313084355193,1.8571024763977386,45.310103373614076,11.08477569557936,3.7312671389731302,-0.48626468279115204,34.44830351226661
1351,1.6855290551278896,60.324529084135776,7.279196997277375,0.18525150749759178,7.441875137681271,express,25.76242441356126,53.23060943712355,2.9095114962829607,32.25278171911973,14.556436686472098,4.900823412959351,0.18422452215326035,42.09935221737944
1352,1.9733599681909708,39.38372521810002,23.827921557768704,0.2827752146065857,2.4922522222161803,highway,25.378939522357847,28.89958981605881,2.119324193145541,42.79475615056061,14.963885547504692,3.7005082812995855,2.026894516365921,18.302097687196834
1353,0.7407036844048338,27.954700445522313,21.806864874111334,0.1116502089492106,-3.294005876872756,local,21.290295198866666,19.676946832201494,0.10651049509614807,51.979723904038515,7.819915561488785,4.315771031778812,-1.1961062966152547,18.765217553353523
1354,0.7116879859840733,29.36926156511571,11.652034568230142,0.7489599501795552,3.314994288696118,local,17.74248240810277,25.395123188798983,0.9143508305445811,45.21325642904241,2.7708815273608955,4.013142244194613,1.6377245549918655,22.64760206659515
1355,1.5642767478762143,52.55023170521413,17.347917978609487,0.5189656495589712,8.506963954613296,arterial,20.568143761295687,30.378438637644212,0.6679655219608965,33.47191736663016,9.483608436258079,4.24812661089793,-0.1932263825994988,48.66912047401874
1356,1.6424004472169027,44.767146607217924,12.576213470850764,0.23677784242383987,3.665074248904246,local,26.803679098963173,34.727145759090845,1.6843836664900862,36.97268472019122,9.835875728319245,4.6043399699757845,-0.03443698136413295,31.29008724413784
1357,0.5,44.97470545716665,18.26233325272863,0.3795308531545053,6.147443966718222,arterial,26.216477519396058,35.05891480024327,0.2694417682667916,39.24032205970303,8.796100937844225,4.540803907339794,1.2180443521824065,22.751620885199156
1358,8.272985985680977,17.73057051610474,19.847572893071554,0.09743782133107512,0.3019214090632305,local,53.060269119850624,16.749513226621094,6.784190452398113,43.82352714425857,6.619708332814259,4.518529018697155,2.0214494817414748,62.294079311776144
1359,3.478280380517638,48.97646867770803,0.5573413237690206,0.5717019001871733,-1.0492351674168425,local,37.86053315400537,55.22272591886197,2.4588992268362917,40.381483932156684,8.932623480386175,4.461070032337522,0.42284579164075303,42.19215085508744
1360,0.5,40.527423195936194,1.899168712815582,0.23779708002975372,1.7519829679307273,express,5.6342305827959756,34.83202513541002,2.397947406530468,47.77857436022675,8.243584397492594,3.6272650012157532,1.1647469863827606,12.225052470232932
1361,4.731100594497821,80.25766219750177,8.075217981041448,0.34382714556099775,-4.7434687422925546,local,42.48661045151402,54.76039925799194,4.331104360409389,27.931430198697317,14.19804312374201,4.7105383340623534,-0.9203076446654892,56.039559545982605
1362,1.5545851105401332,34.06913548889615,22.02272718317639,0.12510523486413397,9.924309964598807,express,17.19336654101441,22.561411616423,1.0537352677827623,44.83358451071875,12.64520627405761,3.722870177806549,-0.5294682949528937,24.26484534403156
1363,3.7078197974885465,40.6119167560148,9.558565995441352,0.6104061211992041,2.488775162681726,local,33.89618334015833,36.35614427570897,2.8531029379462134,39.87976998011233,6.208492254140455,4.152284658667507,-1.3524476485539856,44.544603437435974
1364,1.6546226324928976,25.023111958787545,21.30029316484618,0.44031945328589955,5.033705340284526,local,28.593807915784154,21.920608482720294,1.8660932515656756,44.09391610068465,8.777564848932185,4.041902885399043,-0.5155880845857873,24.98002473677865
1365,2.431934821704731,45.654071322919094,11.09841390316207,0.43736784578067855,0.3847201506132769,local,22.7717334498309,50.17714928066932,1.6779445118916498,41.18734718325282,8.70776703079134,4.357555481680231,0.5652347921020231,35.650585726001424
1366,1.7712310415803671,86.32686942987736,6.932470087477761,0.34400086750490483,-3.4008022945040075,local,44.893465742191346,80.09838010399537,0.7184135639073318,25.760715447580804,7.905413658156978,3.981878139131007,0.21214545954977865,53.66661205733796
1367,2.828720078354863,39.9968751229541,21.615484393499884,0.28905093942117105,6.990351907383065,arterial,26.06216776038143,40.508152170955,2.5199165529959893,39.189233774311525,1.3419504397094955,4.1286702242331765,1.7271027062280433,42.6670651240423
1368,7.129626389657246,19.424884908605588,13.45609845404826,0.41240644178543456,-1.9343509844682116,express,39.58431907491077,14.991220527247174,6.384688479370454,41.87055611612976,10.832620194465903,4.928490617239217,2.0547110355810014,45.35548863626359
1369,0.5,85.73481069110689,8.651623080720992,0.5499042538243323,3.220935672492347,highway,33.08720318272412,80.568436343297,0.11637201741885667,28.438101195973857,11.103423834559619,3.6171359820672597,-0.1365044153256686,41.51199915983524
1370,4.036819220430471,34.174759594980635,1.0657680870676032,0.20246936823076447,3.550796839618084,local,36.31800177810731,22.777083772352498,2.9201034748356984,48.61067096485509,7.520679837577667,4.198890105734335,-0.6796844101210254,38.528242278779885
1371,4.235140098355764,33.86901023650323,2.6623951787573734,0.42525806049828335,2.2588295628760924,local,36.88533755224174,35.566718866083896,3.4988488078773923,46.81801596222182,13.572808012503359,3.698642776079586,1.1600358993963054,46.24833421745034
1372,6.517329244965867,40.984161459997196,3.343447863396732,0.36564363473700934,-0.7460448266376947,local,41.3254379632008,32.859604918896046,5.489886429017017,47.94143761552127,14.766871430291637,4.503457337804967,1.2642236397586115,61.65358571618552
1373,3.7541947249721126,80.81919345011245,8.756070969854552,0.47062554792095934,1.4762871704081912,express,44.537367199699396,58.5603605908719,2.892083911888581,27.114929050206054,12.287235588507837,3.8729720343853797,0.4412481317859137,50.22293186447542
1374,2.5143358960513686,34.160409882773294,14.575990937864255,0.6480444400651242,-1.3251778911483312,local,21.902235187263617,33.189005304661414,2.4841023610371895,46.859025704531184,13.954014413972192,4.2173413981132954,0.7055610621486665,41.57088126517522
1375,1.9820913690378554,71.7985732959967,7.382162746126316,0.1925572221795454,4.832121923956282,local,26.691654076786314,70.8115926318979,3.5648646185134583,28.664783092793343,7.568788840509261,3.603900779728729,0.5491526948711534,44.25937056536539
1376,9.931406636427763,47.3785412862672,1.5726632103552047,0.17795373057524516,4.000414246243749,express,60.530026779258655,37.42554699411538,10.003678109054878,43.26756473588093,13.756498669149284,4.781192924037677,-0.9887566896626693,56.68444557324938
1377,1.562392423946021,46.355349200706826,6.355409695616011,0.32142653451345293,1.9250914841573596,express,19.73625740497435,50.341379072305024,2.95968875698223,47.0272912867228,14.057888643831948,4.2327554626150485,-1.2185715913640798,19.626589935610177
1378,0.9578082718877914,34.6983079932205,9.808359621590643,0.2692469300380554,0.010769849067393533,arterial,23.55374087158701,17.901975393986604,0.40787439747177967,46.0455397544062,9.54172298918743,4.261994481479029,-0.050901898894545515,31.714366146743338
1379,1.321576376630363,27.434143400438323,23.8144782881359,0.6197872976345868,9.375612649237059,local,17.190704071558013,14.94146923293804,2.5291693289442794,52.17742885237429,2.685456317792652,4.57307772945602,-0.20091544521264754,37.526974546263304
1380,4.481609485668205,45.33086997820796,9.431685714022528,0.48389602489207256,-2.5572239515366766,arterial,36.457233113767536,37.504157189211796,4.215269190196718,38.03801896444953,2.7084612835934636,3.636866163181393,0.2769438068457563,42.8380043971576
1381,7.990781565747791,39.49033871545737,2.140690049938655,0.3067752144532551,-3.4061458390129475,local,46.77927622716187,30.971440706644906,7.9807942025488225,42.002423694402765,7.348434695396774,3.9232399610640583,-0.13122482734604224,56.916302579270926
1382,2.1487325275611955,16.36614875630201,13.946755547374401,0.34489814542516306,1.7129790678019192,arterial,25.182388884645967,9.241292740442141,2.3000224412436,45.737624301564026,11.165917360288224,4.276524372710917,-1.703264700880888,16.284696074341298
1383,1.5809265097236629,38.634272934500025,22.071361743030952,0.27363439562292663,1.0968343570018275,express,18.65124644571266,33.77487602605258,1.1482200857831786,43.00160872222586,7.770216024407443,3.407105245556302,-2.112193250748729,29.070920695671326
1384,2.06672336290724,50.46187739246854,18.880696772682,0.26162385031770835,5.8415385916403375,local,32.42004292473797,39.19246257878577,2.435649121501352,40.41688436337638,12.097822424715625,3.455417991663326,0.7374304163690243,38.31676209691344
1385,1.4956721422181867,42.35299443207418,20.06923942049368,0.2613703396343903,4.261407592313352,express,27.697753039621368,33.48722262064392,1.7340493708911486,41.875501241638545,11.661932252648473,3.830431953544873,-0.6627904683534325,19.67326220190246
1386,1.7848634292365437,16.61204621201634,22.27756310645593,0.3584544933763211,2.103339554437139,arterial,16.249103310363402,16.069214772666488,0.1918278867825729,47.402921360418794,3.452317772042389,3.686551060643122,-0.23212440532931392,24.327063034003586
1387,1.8437621898552852,25.628022291509204,15.277044081252912,0.273273977175515,3.751182239868156,express,20.449803685663458,17.11106077048329,1.560086585979254,44.80218231537075,2.425084867154052,4.045261493885774,-0.5579746497377989,15.607725488717099
1388,1.3418714157947835,27.68126302144727,23.87814553568397,0.30669211962509524,3.687580118873804,local,16.293214951080643,22.786946438997365,1.9056076234779287,47.46291922224912,10.734600695536496,4.435094463722495,-0.9130491022651758,28.981993486116906
1389,1.3701363480827562,27.321710273384916,0.7987576771116194,0.6058666304284268,9.362448520636828,arterial,22.934332954944104,18.70468040786005,1.455060003829591,44.95460593572702,5.145516534743153,4.537446147188804,-0.9398518487633353,23.822091945477162
1390,13.318143858775768,21.51954912970313,20.036152227445495,0.07966039888375072,2.886771866734021,local,69.0918936107999,9.852273842927453,12.361906249696428,43.777602442646085,14.00525496520741,5.0,1.0198363734685407,75.66082397405326
1391,1.704993572586521,44.88218551030337,20.568256068534282,0.030869666649461988,-0.3837699643782293,express,20.613496903289573,43.49577290647379,0.9333551536119097,33.88446082971763,13.093362322784337,4.189819000219629,-0.23915031851215263,22.23685013332498
1392,0.5,31.43553687530809,22.00080937828716,0.42045802911080044,2.694753849398738,local,16.499004074322016,38.67476742990597,0.654968485123745,42.34646893146246,7.042951750826567,4.269461459265786,0.6347642959326398,13.207878664054011
1393,0.6566004304320378,28.45027596296964,11.476066983260377,0.5015303988519121,-5.0,local,8.810335825427668,31.634738534041606,0.513866298436083,39.93278146653944,8.917334454628014,4.188803747038831,0.7690849056507968,28.469532640622745
1394,1.6940639987937898,36.99378310009231,18.906142166894398,0.2458598715177387,1.885733605028732,express,21.611978410155665,33.76672820810767,1.3618950112319246,40.06786537281923,12.783007185383777,4.344120719102922,0.31656414600726424,30.489234903727905
1395,1.4738625535863161,27.196892202686325,4.681929578908315,0.2721986492678708,5.825438648870959,express,22.22475087276567,18.626659273131608,0.7830711558009841,44.603314036682605,13.134853345087521,4.379265333746163,0.8020434760763433,19.47183944678143
1396,2.0819384099630116,23.599547376075666,14.475125404277144,0.2890133368921352,4.107644416046476,arterial,21.695961853336723,18.05118420038513,2.60563445269724,46.7577124218309,8.576127820015794,4.614952991766475,0.014309186619549868,28.064364503731724
1397,3.777313766169923,66.42223511508061,8.607483656723073,0.3218969765219779,3.044946152759861,arterial,42.97857138431661,63.85804867108982,3.675957255829476,31.765512184774842,14.592740722047633,4.613193713221964,1.3638153884891353,53.56469700968604
1398,3.926271740578727,27.07782143110613,14.308167615887411,0.16192096945668236,4.27233704449673,arterial,27.548457955427157,7.045740847276308,3.72928278647233,55.317616064400795,8.054045544454553,4.433713472780676,0.8234164029758364,36.748130985639285
1399,5.746772148627911,33.352163539151846,16.213452171799208,0.33568700719661776,5.861397907072007,arterial,37.57993212179083,25.80651743752211,6.8127226637583815,39.27856478946935,1.096061086911729,4.879577769744215,0.9564431925657512,55.20646682567707
1400,4.087746165246537,72.28023464483078,8.329648001908293,0.3169585270923856,6.988316925543657,local,35.294706981053295,66.57701088631603,4.058010884335853,37.5188623841276,8.65907991471689,4.212040676837486,-0.93851767178087,58.869939032820355
1401,2.0547354717826156,55.05314236881213,5.189719183268927,0.5876554606007593,3.566095651013105,local,27.267553729420605,38.82720833819879,2.809659274719069,36.6584743293836,11.76660005035811,3.9247945353160896,0.2632437869049264,40.889539266765006
1402,2.4397130312671127,90.23101921047665,7.720509812624034,0.4214407186050791,0.8936099792055803,arterial,47.766199584854114,79.6600843186239,2.4140879901892798,24.457707234284477,14.781559718509907,3.998379726560479,-1.8350231302025264,60.46288574451973
1403,9.321278454207672,7.4816542427773065,15.934973882578621,0.3238019666071223,-5.0,local,51.58844363631341,8.998331001720537,8.106619658377552,54.45820383551766,2.027844377289064,4.152374318875992,1.401022939883155,51.48002868051754
1404,4.263193924620002,48.02316357258641,16.24498160814745,0.40454454945887774,5.423606994527052,arterial,33.84451031506231,30.639362024861004,2.989564674842515,37.97245162423296,6.887789352107131,3.7123642135351895,-0.6233268130365852,40.939156899402455
1405,0.9720021922315465,46.472540194056855,17.791606464578372,0.2297838563129504,3.803208797613661,arterial,15.716178298963886,40.110505935948865,1.0679140754066172,37.3708114833993,9.006423214103208,3.9239845974810943,-0.48470199686700755,35.11937601554763
1406,2.421854354371554,43.59622118403774,3.0368786057449437,0.2895344604079182,2.5343082063053024,local,18.944531928370278,32.73467113042144,0.048877288569193045,48.50130433296727,13.281222131802844,3.6870730672191785,-1.367363064264467,38.539341328305895
1407,1.2110153349376178,13.714734446220572,19.644417366107078,0.20299765964603697,-0.40818023317983076,express,10.329831036581396,14.570215010472218,1.3078874621568084,41.70174416176867,10.880404775541212,4.354782117735736,-0.036271654493873144,4.892531488381023
1408,2.3659064455576084,72.56833753491713,16.515547236982933,0.5058163774914554,5.378032011691945,express,37.93666269284149,66.37160770591841,2.3816345153977383,31.23837068257236,3.8530708732381673,4.359219494607667,-0.2682522122632316,43.42208741900444
1409,4.560387661762099,37.340201166784944,0.7321218405753402,0.3569566447854798,1.0996725096015378,arterial,33.386213092339716,34.531743528179256,3.9302948317082267,43.84431284237005,12.961143169810576,3.4039882379434365,1.82269766633683,46.02124433675469
1410,3.6667865343649444,72.3567750688866,8.05434838644122,0.21579030875345617,1.8795226113390562,highway,33.70712272285173,62.01140507825529,3.2262147921881454,38.49347699453746,10.131527675380763,3.90566303554097,0.859235386966303,39.25969054907725
1411,0.9261585628450982,53.00351376209946,11.201070141755451,0.5016786397278187,1.8040399379111485,local,19.095960838932715,47.07508560474255,-0.16739290788668593,36.50186500053259,13.47977529045467,5.0,-0.5146511130489596,31.74406075168008
1412,2.0444613969028396,72.5198674392023,8.654819769283556,0.2661738396944637,3.574481013579243,local,34.732720320859265,53.40943170090992,2.948498153269136,43.355753066190395,12.59842119053432,4.4834010035142775,-1.6662329521125243,60.86262122884192
1413,4.251397750162621,45.72929587882556,2.818005317001915,0.2602347707323897,-2.0202120386054503,local,35.08659344582723,38.65463900995916,3.5564572102587384,43.79721794028055,2.3743059961363167,4.404451426370338,-2.283670512244,42.50759234894407
1414,8.600632419535216,37.135038406842924,4.976310828120169,0.4932227431960725,3.9689315166757115,arterial,51.20264598234373,25.989399918762448,6.9628949804590015,33.4038717485371,14.426824237007914,3.9010860342451457,-1.0262532799485333,67.03977123596137
1415,2.6632217596050913,22.83209901270886,0.5894734778431809,0.5861350650053483,-0.5231092488280953,local,23.396293178272742,26.628055435211877,2.8326284358313742,41.163369250306395,7.087298162403741,4.3292771493176545,-1.3312165476206856,40.05577735026645
1416,5.942759163279788,34.4168855141239,2.233851872461508,0.4310726455302416,-0.4003129741470448,express,52.49890990325465,34.03701977887539,5.437088133184076,44.76052505786943,14.747011270768816,4.193470536725375,0.3486134189176889,40.7039679542632
1417,2.45328176022624,66.81735835480458,6.391202825389074,0.5854855931886357,5.098340166452122,local,39.76513009604649,61.55756405242299,1.921285756581543,29.208356277753644,3.2116035095191227,3.841464138915979,-0.14494702596077724,51.83172612084582
1418,5.304001457220954,32.281143647488804,19.679286375257533,0.5536260464748567,-1.482599613834497,arterial,46.08111504066535,39.43341299071335,4.402374619076906,46.399737791370484,12.003111664295773,3.9777947317169735,0.01732627604876538,56.276572503434046
1419,3.4460498506857005,36.0794672484073,12.639300238492806,0.44735440306106006,5.09204840353663,arterial,21.920959409891985,28.35770490754376,3.096933911424081,41.46653188629647,4.920928210917058,3.9879359615676533,-0.9489219084819344,40.33727665616536
1420,11.932072449492097,29.804258338169962,10.187949376586545,0.3853902098492102,2.3547835364811673,local,66.42270251717318,21.49056812196852,11.81551798097118,40.50383646333583,1.1496768985033707,3.5300970325472734,0.15203239474032787,85.63292531115069
1421,0.7462429302488626,35.59719087773475,15.891910655005177,0.42458299662496296,-3.7689686210452527,express,15.088444666591924,27.782393232272433,1.047255765613211,39.613319247651596,14.91358616553121,3.604394730391418,-1.4204064808402816,18.019070632966514
1422,7.48719427732956,18.84435228518018,12.996253447800125,0.7983329584158587,6.775665480762749,arterial,49.54899752197118,4.802044587535725,6.710948225190612,51.157682817932994,4.901262146336718,4.110239047616855,-0.08829990904194783,63.6564406373997
1423,1.308746959036811,26.683907053187777,3.1563342421350296,0.3210507442760955,3.08588804542223,express,23.66410898100844,12.016239149287555,1.8598193637101221,38.26091221986025,1.667529193943356,3.8184008588776126,0.8302471629608877,21.449637823298907
1424,2.2664840158198025,39.26355172629628,5.34296073178055,0.16063619816806124,3.379440530614545,arterial,26.272471506414796,37.72174003012862,2.061861127140416,47.08076138643725,12.977209200693892,4.064586838591774,-0.36543278198875334,29.980686881500098
1425,0.5,64.3962438413054,5.340536663774583,0.16066684868388006,5.525348087046657,arterial,17.858157675209295,44.970826348642795,0.7712418206682801,39.65794064147213,6.764294326518944,3.477456221269565,0.4436438240682888,37.405500067504505
1426,2.644816073064655,48.10350394324888,14.398860302696212,0.3871866964513104,7.247272605964544,arterial,26.115309988576072,33.36359039669114,2.5012366513475253,38.4689482089445,8.85856019931866,4.560596703184904,-1.976864778570544,38.80333439496461
1427,1.4696522698049483,32.87554630656348,11.078984788544314,0.457204903401366,2.7035941367564456,express,24.234934249237334,27.232175220844237,1.7945113772355301,38.60515572986577,14.780233550655693,5.0,-2.0570847969129726,24.964589386948507
1428,3.8121993648145676,34.74842527906951,9.302041501460488,0.08450988328105863,4.160505628736239,arterial,33.822465985513276,26.650568268045415,3.075664088967561,46.629909486113284,7.470281558766184,4.662328019775473,0.327258735596416,38.625349335760184
1429,4.04817190383581,15.112278314187698,13.359340149162911,0.3964984082251822,3.2991507571609913,arterial,29.22872869969537,19.045003071632014,2.731880422602168,47.727882420588365,1.472928437549353,4.708740612822149,1.0470190432620197,24.520665142500626
1430,4.679255713734307,33.91364077898331,23.282778858781374,0.29075769808243374,0.7999630265441211,local,35.62039477054073,29.249823797146277,4.936808662692714,38.18392164719186,10.522198870246044,4.481755124100304,-0.23823397349612635,38.48942016835528
1431,2.1976742237315143,75.81768197038262,7.540642945341043,0.6166051827515998,-3.5420270601330053,arterial,34.90306263287674,58.855748920619824,3.1818494556087344,38.65804595516626,10.803692656568128,4.319513628515749,2.1452084222595666,54.043369186649784
1432,7.8565010462755716,41.63004852414903,12.484690407204415,0.4910301716934176,2.7522272068647293,local,53.31349903075609,42.18697231372823,6.197346074640257,37.99127191567999,3.316019425948221,4.2389353052971375,-1.4433980107454605,66.6452418855923
1433,1.7379684688887884,45.33733865741007,11.528880375458776,0.26217491184232633,6.826282407255946,highway,27.68575204970046,43.63827755267003,1.707604961317165,34.985845032172,8.408472819398469,3.7884630241730073,-0.6799838084387615,30.767525225843933
1434,3.004788227848994,53.24461367811006,17.199432761900276,0.260199163018621,4.041665371751798,local,34.68718638578044,35.38103756337626,2.3452132536206722,39.64642084976002,5.853703579005363,4.510525092462405,0.1400916980509004,44.53416258163155
1435,5.789502915370541,60.63686239899427,17.526966431589987,0.3581595597886221,-1.7359811684175463,arterial,46.30159781530637,53.30719955176536,5.917255577434097,35.821232415589826,1.2238629642034184,4.483818802116127,0.46437484716863936,58.71105968643654
1436,4.377101128400078,48.07995137575151,17.497697313912973,0.3934730051785935,5.841325269757169,local,36.99666231972197,35.862421142292746,4.136707603422777,45.73382205389087,5.018235178337434,3.991645686173209,-0.5839027005248212,53.250009112066586
1437,6.227956172021193,49.910060889336194,4.836469918529875,0.4280962425009465,0.9168555185028089,local,45.710005836905275,37.23348720633459,8.267138383963031,37.64870814786778,13.6882228001608,4.436701837309934,-1.0592649994288519,49.598417434486166
1438,3.8443185802718327,33.07198983133013,10.778235272668507,0.29180189366707504,-5.0,local,27.13262762145243,41.19779398581818,3.2187399339962415,43.01497399646007,4.853586507358332,3.8877246148723725,0.6202628652353935,34.59644584386475
1439,0.634811251351887,60.32424384872526,19.468192584699302,0.20251450274749166,5.562663353138823,express,18.17541604488176,52.14550699057899,1.8011639957968024,37.83861076867208,3.7344154646325762,3.916385084117195,0.13324065597104803,29.583897424969017
1440,5.052944764386666,45.56008345238019,9.15672409297545,0.394481254668535,-1.3088321843258948,local,42.45365744662187,37.203301514925535,5.855354804228908,41.3410841398344,14.143236302079105,4.548797407088249,-0.3446210222082244,50.34424472014422
1441,4.583440422867557,34.700368950422096,23.622122814958292,0.39295399937526304,8.232549305912684,local,31.65998863690036,30.089972184928122,4.5519743478208525,44.724132175738845,6.0437389028894914,4.393737345098349,0.4988145583812929,33.86402785053853
1442,3.4678109728590134,80.45536232909429,8.754881803012779,0.6056862642802927,6.0172069020909635,local,45.40342975123288,74.5067398195352,3.150696531075668,30.739824761248766,14.138106306356548,4.095625048468513,-0.13634784988823664,55.37539526043239
1443,3.2552472468408924,19.44260159724768,11.944003856207237,0.31021697987554986,1.2027025421789403,local,25.220356306378118,11.614980025986421,3.005592680148826,49.20525074065669,13.263398314303148,4.043550230341847,-0.13974218319652795,31.507217886411905
1444,6.979872892175461,25.944616249683968,11.388614275261125,0.48497049824809174,3.60775946014062,highway,48.64007237313632,18.33697402614436,6.2900494846424415,44.58074226611135,7.321735251807739,4.278647737187757,-0.1765769311516916,51.61189520429904
1445,0.5,36.34779209367875,10.40793125926182,0.38194934128335883,10.483714979792863,arterial,20.341054984800152,35.49232348665123,1.3566397699305128,46.66247407640526,6.081944098389918,3.3740697530708044,-0.8210577534987169,24.44385986444275
1446,5.547157012137017,12.318923272212698,20.29515283967092,0.1914471738253667,5.500024632429447,express,37.844255167490594,-0.14364025205178876,4.294332273261148,49.481839059527246,2.496910318208154,3.859003761968596,-0.9227434819800298,30.970369554956733
1447,6.782500934804913,39.21186871752269,3.726605701152325,0.12048316651179797,2.833700086746062,arterial,42.36845237452673,40.26549129625933,5.975463662862105,46.21287424212943,3.2639388462105368,3.6307008991428775,-0.5257023196333621,53.09492430894704
1448,4.092981730768803,27.12912372985475,13.623952953935593,0.23353594700292038,12.112038979721945,arterial,32.59900199643747,11.823497026611616,3.4579347915131153,51.94523934015194,3.8704261381496883,4.205333880447083,0.03207097300419535,35.96999243619314
1449,4.890987604191275,41.31568141129301,14.846437856530168,0.11524830492504486,2.41153353834771,express,40.36457560171225,33.3979615395712,3.02093330687298,39.664635497414245,7.320131460933155,4.6898783072980015,-1.8712735061590444,44.26040972825203
1450,3.4860458423874614,28.380509738982404,20.4293113936649,0.316754801280131,4.036351866075927,local,20.7580589427232,12.931603165963669,3.824573185958644,55.47027115042145,5.895644842536189,4.4147214237650845,0.9447447015343373,34.41179300246087
1451,4.059753264084621,38.9588586715846,14.620803838226603,0.3406682322417911,-1.2767461617074072,express,42.05164699508266,25.72126823730651,4.504113442790831,39.780554313338705,12.105572711232925,3.9698259143520067,0.018441257477795216,31.830748616981644
1452,2.7455942372543336,35.531086659892466,23.040488346906734,0.249253122352516,-3.8615160295821127,arterial,37.74804397515379,39.28509167114326,1.963660066679647,41.02061504272008,4.8018014219586185,3.882031420298259,-1.0650895712542021,39.82380815606814
1453,1.7669264668660223,22.447550527807522,20.932025094262293,0.6780528531551598,0.9926919781807613,arterial,26.01633595527962,26.391623065479436,2.4143397855032163,49.06959246132268,6.655535659189153,3.860760120819717,1.616595172135364,34.93778140916679
1454,3.989775477104743,74.47361975566434,8.369758760465555,0.21486812295643537,2.134428295289815,highway,44.44193041864964,71.36183289076142,2.323871752564441,33.994427444966796,2.2792576412943326,5.0,0.04179232896190782,45.46308607723907
1455,4.456685951989297,34.58538532724309,20.637754686980028,0.31277064448834574,3.152422545434505,local,37.17151776568464,19.25465954338779,4.0301809593523155,44.286104014890434,4.432689626449365,4.230628033429199,-1.335148828920547,44.5688415213711
1456,5.472647260350758,44.35459254741057,23.003467538242937,0.39684106620564363,-2.9691986637098653,highway,39.75196165460333,30.34401055788734,4.824375757764705,44.17294445527429,11.853792012139145,4.2898879231299825,1.5717209138534616,42.467451020026246
1457,4.894045081123025,43.66667631863528,6.172732342190072,0.13062173331450244,4.312360127412816,highway,36.7321292653833,39.49578285265791,4.474839539730397,42.64927380779359,10.75295603115913,3.249991668341378,1.3548681631190385,43.03268370310159
1458,2.7419068956981136,12.140550242736623,14.645011359945803,0.5794340537664898,-0.906349334152869,local,27.728696829678668,15.326690137581565,2.5337523423299793,58.46193480964663,6.332195314585421,3.6685776370228407,-0.9087810089069499,25.573500226437314
1459,1.7925745914210254,57.62298104908105,6.763293896211253,0.7983226660968602,4.130570257880452,local,24.869168848344636,43.38293809602851,1.5516838017017935,35.90355868158974,8.873361444434048,4.180120403158446,-0.32298011809581906,49.05589956245146
1460,1.1951192467018799,23.661714929264498,15.589614697973222,0.4443479193347719,5.272242689952778,express,12.501768925624884,16.06000801206737,0.7653889896988693,43.5948151962062,7.145837822239227,3.9758270686944592,-0.4575869162633108,26.666485520347035
1461,3.006484762493058,17.171085870898857,2.2474273091285255,0.10926407305119097,0.615718184815798,local,20.866494744359972,6.675989467853581,2.6188715114775407,47.423308905181145,13.480697956540443,4.259876136098848,-1.8894687431026647,22.725344833582387
1462,0.5,73.00035578138797,17.620512524857382,0.5175688639595979,-1.3733662629365981,express,29.179188466180882,73.65801944825056,1.540576991281132,33.9500530645825,6.223015895643557,4.253945491956848,0.32468750589406287,38.11498182699869
1463,5.355722800796666,45.796786198565584,10.075675886288227,0.2964069238547179,7.402772610842698,local,36.32839939517201,35.602577675406124,4.357175360789879,42.6119570393426,10.970659968749747,4.470203511159166,0.8451454054153468,56.84280361371681
1464,1.7439603615789103,23.42867809933311,14.095372288234483,0.3460747894178206,5.055192330047186,local,18.605424421460693,20.133422509722493,3.373836335970193,48.10515111903551,3.6686725789407464,3.3588772613372284,0.6568888131048776,22.274382102898606
1465,0.5,25.52136470741158,0.6206976605639554,0.751141093856418,2.5319171684659243,arterial,16.08702768465259,22.278672216858233,-0.05813156217059451,42.443294111780254,6.794408208705114,3.7026471375440897,0.03275380021457846,21.512122801641596
1466,3.2287027495275535,65.86302375057289,16.69059492504788,0.36559093945277926,7.139497172879485,express,30.787636102091643,63.72291336230362,3.097879848108329,38.94450347569877,8.175305618336266,4.155174452424918,0.9421590602876091,48.94156335022647
1467,2.556071744295444,24.115472461696662,11.903792499245842,0.5005286973701174,2.2914160339142984,express,12.111530693824752,13.8308856400153,2.7574297724018164,54.51226349350387,2.0173784593570914,3.9086685562574917,-1.1353458413499715,25.467553051079907
1468,2.8274458091348693,17.735521373055835,15.00602418450821,0.12195731752136632,-0.17177523568127873,arterial,17.102544733692,23.25301900668054,2.311296503938628,49.552330240621664,9.01756789864906,4.060375086385236,1.8182815919130166,17.218614804260934
1469,2.777115971748948,66.50133780147343,7.576031337028177,0.5066732493030487,-1.5059572253046598,local,35.96511502229312,47.575092121900575,3.605294944534882,41.278671933528386,8.832642345269768,4.249062339604513,-0.7720821066316832,47.77419821055955
1470,2.2867637431416923,44.07390416005445,3.4996841621139456,0.08930313511631346,1.6227030262622497,arterial,27.863928776318527,45.62286034049035,2.494256795529927,45.0642464675191,2.801916934186987,3.8647801332818332,-0.6610076491734261,41.28499005405452
1471,5.437863143045118,45.15470429673151,10.45029460790741,0.2652627159555879,4.7010216729355765,local,43.202547588068924,26.37440155648855,4.730154941473452,49.797811977656046,14.980417922764516,4.286521555166997,-0.5752157624080152,60.916459150152875
1472,9.380119100568644,43.479061655685726,22.65549891087272,0.4803720066582987,6.864157252877364,local,62.225651524316945,36.22531284425613,9.53911900894763,42.88611385225187,1.8411526804780105,4.444793039105147,-0.6481467148564317,66.62298283865078
1473,4.383609208309484,55.3525357136317,5.467056639691328,0.4924177742988427,2.0822857561206614,local,36.233913663198635,58.4277159085072,3.132854863063955,37.955816040404315,13.481900583456918,4.229285580644091,-0.19272405647228807,47.04609383863401
1474,1.6680475382036963,56.0738628962253,16.22013628884604,0.2728819047285101,6.245937247774871,arterial,22.003827657792815,52.54357621951109,1.0488559687552028,41.00168225359392,7.626976876582943,4.524327500692282,-0.23144481705556852,34.66966857823802
1475,2.441036320173005,48.28603890637383,1.1962450568289933,0.34810334008678545,1.2500569897428915,local,30.22339872486898,43.9918290909065,2.6469890336978983,38.08364165055719,3.729221936928786,3.222176377344398,0.12963998463591486,47.98352461130338
1476,1.1845318265936697,48.49020314202175,17.234394846406282,0.506442581858458,-0.7355930652954896,local,22.471700469023883,33.87776667934928,1.7072517842659305,41.06852344511512,2.1355816120758924,3.9362842712804493,-0.8186971393412404,38.84294937828323
1477,1.3812364804779997,26.76496040596402,5.7224924832358335,0.48874773704692037,-2.5720963183013597,arterial,24.0829872494282,17.606607635890914,1.501210340554561,51.315882190596575,10.64159163865263,4.601548909006623,0.16660435602016524,33.194645753730256
1478,2.0960824572043797,31.288065789462184,10.836409445503978,0.3600693226353267,0.22816013180346806,local,25.022959965965768,36.00562666826097,1.784720353758515,48.17148344076607,11.439531021156123,3.8110411171632657,-1.0904272938877675,35.9988878414031
1479,1.9343385330604759,64.32299368943615,8.826074414274578,0.5787010755719381,-2.440300996073792,highway,37.16819020247222,57.980921074819584,1.539749425400125,34.421869109738516,10.264889898044272,3.74997342315981,0.7324747199858609,33.105434764962084
1480,2.098211500839989,35.19085572985946,2.7081682396165316,0.5578874096354561,9.0332907091657,arterial,22.645695540898334,36.143972099384484,2.793511091536301,44.12863083816417,6.588127646856402,4.143179314542603,0.7200700827037145,29.46852878819255
1481,1.7470055173544745,63.65645053974092,8.293966860282616,0.371070594475467,3.537537492082709,local,34.0589681697547,54.624539646144974,1.7646206852480188,38.19163077433394,3.0023186359904823,4.192206436150537,-0.00578691043936403,39.93510016641187
1482,5.976212487481994,68.47445676060433,8.402998999036454,0.34936451563467763,1.665348027924909,express,58.877538744866904,56.231167858419276,4.680800220813234,36.65672037970885,11.948299592428398,3.9593863816924104,-0.649697121352712,56.26558386175037
1483,5.360683606507855,39.815695354351746,12.530535336714038,0.2356744494374781,8.02700616820951,arterial,39.329614262468255,39.209972464527006,4.080693355300997,45.584200027333644,13.132841830419565,5.0,0.31113331265100924,43.43287548680362
1484,6.107724757666383,50.42409121979145,23.336436790559695,0.25953022936238374,-2.5579357914002676,express,47.372246009368595,44.675948778014515,6.707721331974888,40.71146459701629,6.182128135642507,4.328920839211301,-0.887647162594006,46.46139356915252
1485,8.888286070848006,19.6192669213369,11.280420540255129,0.33161695903458,1.520000074364897,arterial,46.318969393190606,15.486656875520062,7.424448174172195,45.152807447778265,12.69765459716595,3.7937027034982274,0.03454023133646275,57.8368806016305
1486,4.000997152075371,17.001238068153796,21.946227735183214,0.23566482434520006,8.998858272356514,arterial,32.3933663104707,4.553002962140916,3.8190822905356843,46.767687475639164,9.716203409937364,3.552221652930251,-0.1518152825544264,34.26474266868255
1487,1.4092446774891962,29.477522903122917,11.077383805501329,0.5163094524976942,1.4958582264636642,arterial,26.0534941974984,31.73325254889151,2.3490453575299295,46.96879128316178,8.141185606183187,4.382509443901111,2.629908433664263,34.13048967385485
1488,3.945484410889154,48.91196840317591,2.581039220998547,0.5786967582590674,10.563848224415846,arterial,33.93653076866218,44.65535732417521,3.9846218024238325,42.49485364056536,9.35377678982901,3.783039565885996,-1.2270525159847638,49.27195534019194
1489,3.567227420396339,42.87287204314944,5.523669486622564,0.3909665626510732,4.749616938045385,arterial,35.370185909905956,32.19810689264205,2.604390752220638,44.16395015781237,2.062388346993103,5.0,-2.667309956727729,38.028352975380784
1490,0.539993639394252,33.248207651171334,9.780424225382406,0.44006253670679274,6.570740680212816,local,18.347253438288813,36.51574564239199,-0.32656100069214533,41.44454576583073,2.3182857737934994,4.392574261907278,-0.6375804431057422,27.791158083874592
1491,1.5640423034043076,81.06685213743053,7.808850551284434,0.14618867057374357,6.672131882092048,local,32.55776763980207,70.61351181028232,2.9035488513409655,29.78289754169284,11.037206063316367,4.4519873871176205,-1.7155316191435894,41.28090503982595
1492,1.3556960522119097,37.09735173798676,20.7799029007798,0.3742532910048128,2.0056086108681317,local,25.19341477616111,33.376540850954285,0.38719477344192865,38.42517323904931,14.564232797805065,4.311909225842466,-0.7266948609489335,18.95029849132866
1493,3.684618293564451,55.80069060471145,16.287494452717233,0.28197340925255465,0.2912591739154822,express,37.861298845336734,53.617856047718575,2.8735410770870136,32.130131281662145,7.863160050301275,4.704706246158059,-1.2976041376391683,44.91833999530395
1494,0.6382188305057054,22.113677924534358,13.879402846048162,0.2525014211465435,1.5959588804185536,local,13.304561855541737,23.477572577991296,0.8723998583494263,48.186810981652336,1.2830102183807677,3.1220930875020025,-0.9045006625342721,25.561882203291095
1495,2.4402381742725834,38.25358035937254,11.789509229680572,0.4551357533435737,-1.4542637615976939,highway,30.83902000715714,34.57126465938257,2.0211115975841363,48.04627984431021,1.4870636578308982,3.6585284847081767,-1.0649096590107445,46.80363014463947
1496,1.433411877719256,38.683039366308435,9.534494838937604,0.4530671770783452,1.7691299086957208,local,27.785238443339303,31.560488086547192,1.7491148538638273,42.88816983877003,7.276788126316996,4.66536210315696,0.9629514830972898,30.37754944114736
1497,6.745927917349041,26.110093718492248,14.692618555968272,0.33602687638906575,1.984578827642637,arterial,40.01005845798433,36.079228740360115,4.897117425274515,54.127459847168964,10.036135772019154,4.8752609603270995,-0.04852947734505568,40.981686252148165
1498,5.7128383948536925,36.92959092470761,2.990571970665144,0.4575777169635254,7.9123224836172135,local,41.11117572986204,26.25354653995337,4.973235048243204,42.34955140396922,2.7457115183572554,3.644123088219846,1.0754528031418928,56.88366185574254
1499,1.2083435576641977,52.777323485701196,3.9007965172057357,0.16782747615929564,4.076464987546171,arterial,14.044230531035128,50.08252783580458,1.6296601997718194,38.95601683455864,0.9790059555777408,3.3816159752810027,0.04048148417039614,34.17632823715552
1500,2.2617718447666424,76.94704070960803,7.274792481520799,0.6418473774223915,10.269161452254053,express,38.233549382331674,64.81797043856054,2.5804531219038234,26.66816546819621,11.077304604778652,4.275384804157639,0.9285899229642176,52.177122289772605
